Copyright 1986-2022 Xilinx, Inc. All Rights Reserved. Copyright 2022-2025 Advanced Micro Devices, Inc. All Rights Reserved.
---------------------------------------------------------------------------------------------------------------------------------------------------------------------------------------------------------------------
| Tool Version : Vivado v.2025.2 (win64) Build 6299465 Fri Nov 14 19:35:11 GMT 2025
| Date         : Mon Aug 31 20:13:41 2026
| Host         : DESKTOP-POAFI82 running 64-bit major release  (build 9200)
| Command      : report_timing_summary -max_paths 10 -routable_nets -report_unconstrained -file top_timing_summary_routed.rpt -pb top_timing_summary_routed.pb -rpx top_timing_summary_routed.rpx -warn_on_violation
| Design       : top
| Device       : 7a35t-cpg236
| Speed File   : -1  PRODUCTION 1.23 2018-06-13
| Design State : Routed
---------------------------------------------------------------------------------------------------------------------------------------------------------------------------------------------------------------------

Timing Summary Report

------------------------------------------------------------------------------------------------
| Timer Settings
| --------------
------------------------------------------------------------------------------------------------

  Enable Multi Corner Analysis               :  Yes
  Enable Pessimism Removal                   :  Yes
  Pessimism Removal Resolution               :  Nearest Common Node
  Enable Input Delay Default Clock           :  No
  Enable Preset / Clear Arcs                 :  No
  Disable Flight Delays                      :  No
  Ignore I/O Paths                           :  No
  Timing Early Launch at Borrowing Latches   :  No
  Borrow Time for Max Delay Exceptions       :  Yes
  Merge Timing Exceptions                    :  Yes
  Inter-SLR Compensation                     :  Conservative

  Corner  Analyze    Analyze    
  Name    Max Paths  Min Paths  
  ------  ---------  ---------  
  Slow    Yes        Yes        
  Fast    Yes        Yes        


------------------------------------------------------------------------------------------------
| Report Methodology
| ------------------
------------------------------------------------------------------------------------------------

Rule       Severity  Description                    Violations  
---------  --------  -----------------------------  ----------  
TIMING-18  Warning   Missing input or output delay  22          

Note: This report is based on the most recent report_methodology run and may not be up-to-date. Run report_methodology on the current design for the latest report.



check_timing report

Table of Contents
-----------------
1. checking no_clock (0)
2. checking constant_clock (0)
3. checking pulse_width_clock (0)
4. checking unconstrained_internal_endpoints (0)
5. checking no_input_delay (11)
6. checking no_output_delay (11)
7. checking multiple_clock (0)
8. checking generated_clocks (0)
9. checking loops (0)
10. checking partial_input_delay (0)
11. checking partial_output_delay (0)
12. checking latch_loops (0)

1. checking no_clock (0)
------------------------
 There are 0 register/latch pins with no clock.


2. checking constant_clock (0)
------------------------------
 There are 0 register/latch pins with constant_clock.


3. checking pulse_width_clock (0)
---------------------------------
 There are 0 register/latch pins which need pulse_width check


4. checking unconstrained_internal_endpoints (0)
------------------------------------------------
 There are 0 pins that are not constrained for maximum delay.

 There are 0 pins that are not constrained for maximum delay due to constant clock.


5. checking no_input_delay (11)
-------------------------------
 There are 11 input ports with no input delay specified. (HIGH)

 There are 0 input ports with no input delay but user has a false path constraint.


6. checking no_output_delay (11)
--------------------------------
 There are 11 ports with no output delay specified. (HIGH)

 There are 0 ports with no output delay but user has a false path constraint

 There are 0 ports with no output delay but with a timing clock defined on it or propagating through it


7. checking multiple_clock (0)
------------------------------
 There are 0 register/latch pins with multiple clocks.


8. checking generated_clocks (0)
--------------------------------
 There are 0 generated clocks that are not connected to a clock source.


9. checking loops (0)
---------------------
 There are 0 combinational loops in the design.


10. checking partial_input_delay (0)
------------------------------------
 There are 0 input ports with partial input delay specified.


11. checking partial_output_delay (0)
-------------------------------------
 There are 0 ports with partial output delay specified.


12. checking latch_loops (0)
----------------------------
 There are 0 combinational latch loops in the design through latch input



------------------------------------------------------------------------------------------------
| Design Timing Summary
| ---------------------
------------------------------------------------------------------------------------------------

    WNS(ns)      TNS(ns)  TNS Failing Endpoints  TNS Total Endpoints      WHS(ns)      THS(ns)  THS Failing Endpoints  THS Total Endpoints     WPWS(ns)     TPWS(ns)  TPWS Failing Endpoints  TPWS Total Endpoints  
    -------      -------  ---------------------  -------------------      -------      -------  ---------------------  -------------------     --------     --------  ----------------------  --------------------  
        inf        0.000                      0                   55          inf        0.000                      0                   55        4.500        0.000                       0                    23  


All user specified timing constraints are met.


------------------------------------------------------------------------------------------------
| Clock Summary
| -------------
------------------------------------------------------------------------------------------------

Clock        Waveform(ns)       Period(ns)      Frequency(MHz)
-----        ------------       ----------      --------------
sys_clk_pin  {0.000 5.000}      10.000          100.000         


------------------------------------------------------------------------------------------------
| Intra Clock Table
| -----------------
------------------------------------------------------------------------------------------------

Clock             WNS(ns)      TNS(ns)  TNS Failing Endpoints  TNS Total Endpoints      WHS(ns)      THS(ns)  THS Failing Endpoints  THS Total Endpoints     WPWS(ns)     TPWS(ns)  TPWS Failing Endpoints  TPWS Total Endpoints  
-----             -------      -------  ---------------------  -------------------      -------      -------  ---------------------  -------------------     --------     --------  ----------------------  --------------------  
sys_clk_pin                                                                                                                                                     4.500        0.000                       0                    23  


------------------------------------------------------------------------------------------------
| Inter Clock Table
| -----------------
------------------------------------------------------------------------------------------------

From Clock    To Clock          WNS(ns)      TNS(ns)  TNS Failing Endpoints  TNS Total Endpoints      WHS(ns)      THS(ns)  THS Failing Endpoints  THS Total Endpoints  
----------    --------          -------      -------  ---------------------  -------------------      -------      -------  ---------------------  -------------------  


------------------------------------------------------------------------------------------------
| Other Path Groups Table
| -----------------------
------------------------------------------------------------------------------------------------

Path Group    From Clock    To Clock          WNS(ns)      TNS(ns)  TNS Failing Endpoints  TNS Total Endpoints      WHS(ns)      THS(ns)  THS Failing Endpoints  THS Total Endpoints  
----------    ----------    --------          -------      -------  ---------------------  -------------------      -------      -------  ---------------------  -------------------  


------------------------------------------------------------------------------------------------
| User Ignored Path Table
| -----------------------
------------------------------------------------------------------------------------------------

Path Group    From Clock    To Clock    
----------    ----------    --------    


------------------------------------------------------------------------------------------------
| Unconstrained Path Table
| ------------------------
------------------------------------------------------------------------------------------------

Path Group    From Clock    To Clock    
----------    ----------    --------    
(none)        sys_clk_pin                 
(none)                      sys_clk_pin   


------------------------------------------------------------------------------------------------
| Timing Details
| --------------
------------------------------------------------------------------------------------------------


---------------------------------------------------------------------------------------------------
From Clock:  sys_clk_pin
  To Clock:  sys_clk_pin

Setup :           NA  Failing Endpoints,  Worst Slack           NA  ,  Total Violation           NA
Hold  :           NA  Failing Endpoints,  Worst Slack           NA  ,  Total Violation           NA
PW    :            0  Failing Endpoints,  Worst Slack        4.500ns,  Total Violation        0.000ns
---------------------------------------------------------------------------------------------------


Pulse Width Checks
--------------------------------------------------------------------------------------
Clock Name:         sys_clk_pin
Waveform(ns):       { 0.000 5.000 }
Period(ns):         10.000
Sources:            { i_clk }

Check Type        Corner  Lib Pin  Reference Pin  Required(ns)  Actual(ns)  Slack(ns)  Location       Pin
Min Period        n/a     BUFG/I   n/a            2.155         10.000      7.845      BUFGCTRL_X0Y0  i_clk_IBUF_BUFG_inst/I
Min Period        n/a     FDRE/C   n/a            1.000         10.000      9.000      SLICE_X2Y10    REG_A/o_Q_reg[0]/C
Min Period        n/a     FDRE/C   n/a            1.000         10.000      9.000      SLICE_X0Y11    REG_A/o_Q_reg[1]/C
Min Period        n/a     FDRE/C   n/a            1.000         10.000      9.000      SLICE_X2Y10    REG_A/o_Q_reg[2]/C
Min Period        n/a     FDRE/C   n/a            1.000         10.000      9.000      SLICE_X0Y11    REG_A/o_Q_reg[3]/C
Min Period        n/a     FDRE/C   n/a            1.000         10.000      9.000      SLICE_X2Y10    REG_A/o_Q_reg[4]/C
Min Period        n/a     FDRE/C   n/a            1.000         10.000      9.000      SLICE_X2Y10    REG_A/o_Q_reg[5]/C
Min Period        n/a     FDRE/C   n/a            1.000         10.000      9.000      SLICE_X0Y11    REG_A/o_Q_reg[6]/C
Min Period        n/a     FDRE/C   n/a            1.000         10.000      9.000      SLICE_X0Y11    REG_A/o_Q_reg[7]/C
Min Period        n/a     FDRE/C   n/a            1.000         10.000      9.000      SLICE_X3Y11    REG_B/o_Q_reg[0]/C
Low Pulse Width   Slow    FDRE/C   n/a            0.500         5.000       4.500      SLICE_X2Y10    REG_A/o_Q_reg[0]/C
Low Pulse Width   Fast    FDRE/C   n/a            0.500         5.000       4.500      SLICE_X2Y10    REG_A/o_Q_reg[0]/C
Low Pulse Width   Slow    FDRE/C   n/a            0.500         5.000       4.500      SLICE_X0Y11    REG_A/o_Q_reg[1]/C
Low Pulse Width   Fast    FDRE/C   n/a            0.500         5.000       4.500      SLICE_X0Y11    REG_A/o_Q_reg[1]/C
Low Pulse Width   Slow    FDRE/C   n/a            0.500         5.000       4.500      SLICE_X2Y10    REG_A/o_Q_reg[2]/C
Low Pulse Width   Fast    FDRE/C   n/a            0.500         5.000       4.500      SLICE_X2Y10    REG_A/o_Q_reg[2]/C
Low Pulse Width   Slow    FDRE/C   n/a            0.500         5.000       4.500      SLICE_X0Y11    REG_A/o_Q_reg[3]/C
Low Pulse Width   Fast    FDRE/C   n/a            0.500         5.000       4.500      SLICE_X0Y11    REG_A/o_Q_reg[3]/C
Low Pulse Width   Slow    FDRE/C   n/a            0.500         5.000       4.500      SLICE_X2Y10    REG_A/o_Q_reg[4]/C
Low Pulse Width   Fast    FDRE/C   n/a            0.500         5.000       4.500      SLICE_X2Y10    REG_A/o_Q_reg[4]/C
High Pulse Width  Slow    FDRE/C   n/a            0.500         5.000       4.500      SLICE_X2Y10    REG_A/o_Q_reg[0]/C
High Pulse Width  Fast    FDRE/C   n/a            0.500         5.000       4.500      SLICE_X2Y10    REG_A/o_Q_reg[0]/C
High Pulse Width  Slow    FDRE/C   n/a            0.500         5.000       4.500      SLICE_X0Y11    REG_A/o_Q_reg[1]/C
High Pulse Width  Fast    FDRE/C   n/a            0.500         5.000       4.500      SLICE_X0Y11    REG_A/o_Q_reg[1]/C
High Pulse Width  Slow    FDRE/C   n/a            0.500         5.000       4.500      SLICE_X2Y10    REG_A/o_Q_reg[2]/C
High Pulse Width  Fast    FDRE/C   n/a            0.500         5.000       4.500      SLICE_X2Y10    REG_A/o_Q_reg[2]/C
High Pulse Width  Slow    FDRE/C   n/a            0.500         5.000       4.500      SLICE_X0Y11    REG_A/o_Q_reg[3]/C
High Pulse Width  Fast    FDRE/C   n/a            0.500         5.000       4.500      SLICE_X0Y11    REG_A/o_Q_reg[3]/C
High Pulse Width  Slow    FDRE/C   n/a            0.500         5.000       4.500      SLICE_X2Y10    REG_A/o_Q_reg[4]/C
High Pulse Width  Fast    FDRE/C   n/a            0.500         5.000       4.500      SLICE_X2Y10    REG_A/o_Q_reg[4]/C



--------------------------------------------------------------------------------------
Path Group:  (none)
From Clock:  sys_clk_pin
  To Clock:  

Max Delay            11 Endpoints
Min Delay            11 Endpoints
--------------------------------------------------------------------------------------


Max Delay Paths
--------------------------------------------------------------------------------------
Slack:                    inf
  Source:                 REG_A/o_Q_reg[2]/C
                            (rising edge-triggered cell FDRE clocked by sys_clk_pin  {rise@0.000ns fall@5.000ns period=10.000ns})
  Destination:            o_carry
                            (output port)
  Path Group:             (none)
  Path Type:              Max at Slow Process Corner
  Data Path Delay:        11.949ns  (logic 5.268ns (44.088%)  route 6.681ns (55.912%))
  Logic Levels:           6  (CARRY4=3 LUT2=1 LUT6=1 OBUF=1)
  Clock Uncertainty:      0.025ns  ((TSJ^2 + TIJ^2)^1/2 + DJ) / 2 + PE
    Total System Jitter     (TSJ):    0.050ns
    Total Input Jitter      (TIJ):    0.000ns
    Discrete Jitter          (DJ):    0.000ns
    Phase Error              (PE):    0.000ns

    Location             Delay type                Incr(ns)  Path(ns)    Netlist Resource(s)
  -------------------------------------------------------------------    -------------------
                         (clock sys_clk_pin rise edge)
                                                      0.000     0.000 r  
    W5                                                0.000     0.000 r  i_clk (IN)
                         net (fo=0)                   0.000     0.000    i_clk
    W5                   IBUF (Prop_ibuf_I_O)         1.458     1.458 r  i_clk_IBUF_inst/O
                         net (fo=1, routed)           1.967     3.425    i_clk_IBUF
    BUFGCTRL_X0Y0        BUFG (Prop_bufg_I_O)         0.096     3.521 r  i_clk_IBUF_BUFG_inst/O
                         net (fo=22, routed)          1.636     5.157    REG_A/CLK
    SLICE_X2Y10          FDRE                                         r  REG_A/o_Q_reg[2]/C
  -------------------------------------------------------------------    -------------------
    SLICE_X2Y10          FDRE (Prop_fdre_C_Q)         0.518     5.675 r  REG_A/o_Q_reg[2]/Q
                         net (fo=8, routed)           1.515     7.190    REG_B/o_leds_OBUF[3]_inst_i_2_0[2]
    SLICE_X2Y10          LUT2 (Prop_lut2_I1_O)        0.124     7.314 r  REG_B/o_leds_OBUF[3]_inst_i_11/O
                         net (fo=1, routed)           0.000     7.314    REG_A/o_leds_OBUF[0]_inst_i_3[2]
    SLICE_X2Y10          CARRY4 (Prop_carry4_S[2]_CO[3])
                                                      0.380     7.694 r  REG_A/o_leds_OBUF[3]_inst_i_8/CO[3]
                         net (fo=1, routed)           0.000     7.694    REG_A/o_leds_OBUF[3]_inst_i_8_n_0
    SLICE_X2Y11          CARRY4 (Prop_carry4_CI_CO[3])
                                                      0.117     7.811 r  REG_A/o_overflow_OBUF_inst_i_4/CO[3]
                         net (fo=1, routed)           0.000     7.811    REG_A/o_overflow_OBUF_inst_i_4_n_0
    SLICE_X2Y12          CARRY4 (Prop_carry4_CI_CO[0])
                                                      0.254     8.065 r  REG_A/o_carry_OBUF_inst_i_3/CO[0]
                         net (fo=1, routed)           0.857     8.922    REG_OP/o_carry[0]
    SLICE_X3Y12          LUT6 (Prop_lut6_I5_O)        0.367     9.289 r  REG_OP/o_carry_OBUF_inst_i_1/O
                         net (fo=1, routed)           4.309    13.598    o_carry_OBUF
    V3                   OBUF (Prop_obuf_I_O)         3.508    17.107 r  o_carry_OBUF_inst/O
                         net (fo=0)                   0.000    17.107    o_carry
    V3                                                                r  o_carry (OUT)
  -------------------------------------------------------------------    -------------------

Slack:                    inf
  Source:                 REG_B/o_Q_reg[5]/C
                            (rising edge-triggered cell FDRE clocked by sys_clk_pin  {rise@0.000ns fall@5.000ns period=10.000ns})
  Destination:            o_zero
                            (output port)
  Path Group:             (none)
  Path Type:              Max at Slow Process Corner
  Data Path Delay:        11.613ns  (logic 4.810ns (41.421%)  route 6.803ns (58.579%))
  Logic Levels:           6  (LUT5=2 LUT6=3 OBUF=1)
  Clock Uncertainty:      0.025ns  ((TSJ^2 + TIJ^2)^1/2 + DJ) / 2 + PE
    Total System Jitter     (TSJ):    0.050ns
    Total Input Jitter      (TIJ):    0.000ns
    Discrete Jitter          (DJ):    0.000ns
    Phase Error              (PE):    0.000ns

    Location             Delay type                Incr(ns)  Path(ns)    Netlist Resource(s)
  -------------------------------------------------------------------    -------------------
                         (clock sys_clk_pin rise edge)
                                                      0.000     0.000 r  
    W5                                                0.000     0.000 r  i_clk (IN)
                         net (fo=0)                   0.000     0.000    i_clk
    W5                   IBUF (Prop_ibuf_I_O)         1.458     1.458 r  i_clk_IBUF_inst/O
                         net (fo=1, routed)           1.967     3.425    i_clk_IBUF
    BUFGCTRL_X0Y0        BUFG (Prop_bufg_I_O)         0.096     3.521 r  i_clk_IBUF_BUFG_inst/O
                         net (fo=22, routed)          1.636     5.157    REG_B/CLK
    SLICE_X3Y9           FDRE                                         r  REG_B/o_Q_reg[5]/C
  -------------------------------------------------------------------    -------------------
    SLICE_X3Y9           FDRE (Prop_fdre_C_Q)         0.456     5.613 f  REG_B/o_Q_reg[5]/Q
                         net (fo=6, routed)           0.994     6.608    REG_B/Q[5]
    SLICE_X1Y10          LUT5 (Prop_lut5_I2_O)        0.124     6.732 f  REG_B/o_leds_OBUF[7]_inst_i_7/O
                         net (fo=16, routed)          1.675     8.407    REG_B/o_Q_reg[6]_0
    SLICE_X4Y8           LUT5 (Prop_lut5_I0_O)        0.152     8.559 f  REG_B/o_leds_OBUF[2]_inst_i_5/O
                         net (fo=1, routed)           0.441     9.000    REG_B/o_leds_OBUF[2]_inst_i_5_n_0
    SLICE_X4Y8           LUT6 (Prop_lut6_I1_O)        0.326     9.326 f  REG_B/o_leds_OBUF[2]_inst_i_4/O
                         net (fo=1, routed)           0.801    10.127    REG_OP/o_leds[2]
    SLICE_X0Y9           LUT6 (Prop_lut6_I5_O)        0.124    10.251 f  REG_OP/o_leds_OBUF[2]_inst_i_1/O
                         net (fo=2, routed)           1.177    11.428    REG_OP/o_leds_OBUF[2]
    SLICE_X0Y7           LUT6 (Prop_lut6_I0_O)        0.124    11.552 r  REG_OP/o_zero_OBUF_inst_i_1/O
                         net (fo=1, routed)           1.713    13.266    o_zero_OBUF
    V13                  OBUF (Prop_obuf_I_O)         3.504    16.770 r  o_zero_OBUF_inst/O
                         net (fo=0)                   0.000    16.770    o_zero
    V13                                                               r  o_zero (OUT)
  -------------------------------------------------------------------    -------------------

Slack:                    inf
  Source:                 REG_B/o_Q_reg[3]/C
                            (rising edge-triggered cell FDRE clocked by sys_clk_pin  {rise@0.000ns fall@5.000ns period=10.000ns})
  Destination:            o_overflow
                            (output port)
  Path Group:             (none)
  Path Type:              Max at Slow Process Corner
  Data Path Delay:        11.524ns  (logic 5.125ns (44.477%)  route 6.398ns (55.523%))
  Logic Levels:           5  (CARRY4=2 LUT2=1 LUT6=1 OBUF=1)
  Clock Uncertainty:      0.025ns  ((TSJ^2 + TIJ^2)^1/2 + DJ) / 2 + PE
    Total System Jitter     (TSJ):    0.050ns
    Total Input Jitter      (TIJ):    0.000ns
    Discrete Jitter          (DJ):    0.000ns
    Phase Error              (PE):    0.000ns

    Location             Delay type                Incr(ns)  Path(ns)    Netlist Resource(s)
  -------------------------------------------------------------------    -------------------
                         (clock sys_clk_pin rise edge)
                                                      0.000     0.000 r  
    W5                                                0.000     0.000 r  i_clk (IN)
                         net (fo=0)                   0.000     0.000    i_clk
    W5                   IBUF (Prop_ibuf_I_O)         1.458     1.458 r  i_clk_IBUF_inst/O
                         net (fo=1, routed)           1.967     3.425    i_clk_IBUF
    BUFGCTRL_X0Y0        BUFG (Prop_bufg_I_O)         0.096     3.521 r  i_clk_IBUF_BUFG_inst/O
                         net (fo=22, routed)          1.635     5.156    REG_B/CLK
    SLICE_X1Y11          FDRE                                         r  REG_B/o_Q_reg[3]/C
  -------------------------------------------------------------------    -------------------
    SLICE_X1Y11          FDRE (Prop_fdre_C_Q)         0.456     5.612 r  REG_B/o_Q_reg[3]/Q
                         net (fo=6, routed)           1.296     6.908    ALU/o_overflow_OBUF_inst_i_3[3]
    SLICE_X3Y8           LUT2 (Prop_lut2_I1_O)        0.124     7.032 r  ALU/o_leds_OBUF[3]_inst_i_14/O
                         net (fo=1, routed)           0.000     7.032    REG_A/S[3]
    SLICE_X3Y8           CARRY4 (Prop_carry4_S[3]_CO[3])
                                                      0.401     7.433 r  REG_A/o_leds_OBUF[3]_inst_i_9/CO[3]
                         net (fo=1, routed)           0.000     7.433    REG_A/o_leds_OBUF[3]_inst_i_9_n_0
    SLICE_X3Y9           CARRY4 (Prop_carry4_CI_O[3])
                                                      0.313     7.746 r  REG_A/o_overflow_OBUF_inst_i_3/O[3]
                         net (fo=2, routed)           0.793     8.539    REG_A/O[3]
    SLICE_X1Y11          LUT6 (Prop_lut6_I2_O)        0.306     8.845 r  REG_A/o_overflow_OBUF_inst_i_1/O
                         net (fo=1, routed)           4.310    13.155    o_overflow_OBUF
    W3                   OBUF (Prop_obuf_I_O)         3.525    16.680 r  o_overflow_OBUF_inst/O
                         net (fo=0)                   0.000    16.680    o_overflow
    W3                                                                r  o_overflow (OUT)
  -------------------------------------------------------------------    -------------------

Slack:                    inf
  Source:                 REG_B/o_Q_reg[5]/C
                            (rising edge-triggered cell FDRE clocked by sys_clk_pin  {rise@0.000ns fall@5.000ns period=10.000ns})
  Destination:            o_leds[1]
                            (output port)
  Path Group:             (none)
  Path Type:              Max at Slow Process Corner
  Data Path Delay:        10.963ns  (logic 4.482ns (40.881%)  route 6.481ns (59.119%))
  Logic Levels:           5  (LUT5=3 LUT6=1 OBUF=1)
  Clock Uncertainty:      0.025ns  ((TSJ^2 + TIJ^2)^1/2 + DJ) / 2 + PE
    Total System Jitter     (TSJ):    0.050ns
    Total Input Jitter      (TIJ):    0.000ns
    Discrete Jitter          (DJ):    0.000ns
    Phase Error              (PE):    0.000ns

    Location             Delay type                Incr(ns)  Path(ns)    Netlist Resource(s)
  -------------------------------------------------------------------    -------------------
                         (clock sys_clk_pin rise edge)
                                                      0.000     0.000 r  
    W5                                                0.000     0.000 r  i_clk (IN)
                         net (fo=0)                   0.000     0.000    i_clk
    W5                   IBUF (Prop_ibuf_I_O)         1.458     1.458 r  i_clk_IBUF_inst/O
                         net (fo=1, routed)           1.967     3.425    i_clk_IBUF
    BUFGCTRL_X0Y0        BUFG (Prop_bufg_I_O)         0.096     3.521 r  i_clk_IBUF_BUFG_inst/O
                         net (fo=22, routed)          1.636     5.157    REG_B/CLK
    SLICE_X3Y9           FDRE                                         r  REG_B/o_Q_reg[5]/C
  -------------------------------------------------------------------    -------------------
    SLICE_X3Y9           FDRE (Prop_fdre_C_Q)         0.456     5.613 f  REG_B/o_Q_reg[5]/Q
                         net (fo=6, routed)           0.994     6.608    REG_B/Q[5]
    SLICE_X1Y10          LUT5 (Prop_lut5_I2_O)        0.124     6.732 f  REG_B/o_leds_OBUF[7]_inst_i_7/O
                         net (fo=16, routed)          1.251     7.983    REG_B/o_Q_reg[6]_0
    SLICE_X4Y8           LUT5 (Prop_lut5_I3_O)        0.124     8.107 r  REG_B/o_leds_OBUF[1]_inst_i_5/O
                         net (fo=2, routed)           0.679     8.786    REG_B/o_leds_OBUF[1]_inst_i_5_n_0
    SLICE_X4Y8           LUT6 (Prop_lut6_I5_O)        0.124     8.910 f  REG_B/o_leds_OBUF[1]_inst_i_4/O
                         net (fo=1, routed)           0.809     9.719    REG_OP/o_leds[1]
    SLICE_X1Y8           LUT5 (Prop_lut5_I3_O)        0.124     9.843 r  REG_OP/o_leds_OBUF[1]_inst_i_1/O
                         net (fo=1, routed)           2.747    12.590    o_leds_OBUF[1]
    E19                  OBUF (Prop_obuf_I_O)         3.530    16.120 r  o_leds_OBUF[1]_inst/O
                         net (fo=0)                   0.000    16.120    o_leds[1]
    E19                                                               r  o_leds[1] (OUT)
  -------------------------------------------------------------------    -------------------

Slack:                    inf
  Source:                 REG_B/o_Q_reg[5]/C
                            (rising edge-triggered cell FDRE clocked by sys_clk_pin  {rise@0.000ns fall@5.000ns period=10.000ns})
  Destination:            o_leds[2]
                            (output port)
  Path Group:             (none)
  Path Type:              Max at Slow Process Corner
  Data Path Delay:        10.510ns  (logic 4.683ns (44.559%)  route 5.827ns (55.441%))
  Logic Levels:           5  (LUT5=2 LUT6=2 OBUF=1)
  Clock Uncertainty:      0.025ns  ((TSJ^2 + TIJ^2)^1/2 + DJ) / 2 + PE
    Total System Jitter     (TSJ):    0.050ns
    Total Input Jitter      (TIJ):    0.000ns
    Discrete Jitter          (DJ):    0.000ns
    Phase Error              (PE):    0.000ns

    Location             Delay type                Incr(ns)  Path(ns)    Netlist Resource(s)
  -------------------------------------------------------------------    -------------------
                         (clock sys_clk_pin rise edge)
                                                      0.000     0.000 r  
    W5                                                0.000     0.000 r  i_clk (IN)
                         net (fo=0)                   0.000     0.000    i_clk
    W5                   IBUF (Prop_ibuf_I_O)         1.458     1.458 r  i_clk_IBUF_inst/O
                         net (fo=1, routed)           1.967     3.425    i_clk_IBUF
    BUFGCTRL_X0Y0        BUFG (Prop_bufg_I_O)         0.096     3.521 r  i_clk_IBUF_BUFG_inst/O
                         net (fo=22, routed)          1.636     5.157    REG_B/CLK
    SLICE_X3Y9           FDRE                                         r  REG_B/o_Q_reg[5]/C
  -------------------------------------------------------------------    -------------------
    SLICE_X3Y9           FDRE (Prop_fdre_C_Q)         0.456     5.613 r  REG_B/o_Q_reg[5]/Q
                         net (fo=6, routed)           0.994     6.608    REG_B/Q[5]
    SLICE_X1Y10          LUT5 (Prop_lut5_I2_O)        0.124     6.732 r  REG_B/o_leds_OBUF[7]_inst_i_7/O
                         net (fo=16, routed)          1.675     8.407    REG_B/o_Q_reg[6]_0
    SLICE_X4Y8           LUT5 (Prop_lut5_I0_O)        0.152     8.559 r  REG_B/o_leds_OBUF[2]_inst_i_5/O
                         net (fo=1, routed)           0.441     9.000    REG_B/o_leds_OBUF[2]_inst_i_5_n_0
    SLICE_X4Y8           LUT6 (Prop_lut6_I1_O)        0.326     9.326 r  REG_B/o_leds_OBUF[2]_inst_i_4/O
                         net (fo=1, routed)           0.801    10.127    REG_OP/o_leds[2]
    SLICE_X0Y9           LUT6 (Prop_lut6_I5_O)        0.124    10.251 r  REG_OP/o_leds_OBUF[2]_inst_i_1/O
                         net (fo=2, routed)           1.915    12.166    o_leds_OBUF[2]
    U19                  OBUF (Prop_obuf_I_O)         3.501    15.667 r  o_leds_OBUF[2]_inst/O
                         net (fo=0)                   0.000    15.667    o_leds[2]
    U19                                                               r  o_leds[2] (OUT)
  -------------------------------------------------------------------    -------------------

Slack:                    inf
  Source:                 REG_B/o_Q_reg[5]/C
                            (rising edge-triggered cell FDRE clocked by sys_clk_pin  {rise@0.000ns fall@5.000ns period=10.000ns})
  Destination:            o_leds[6]
                            (output port)
  Path Group:             (none)
  Path Type:              Max at Slow Process Corner
  Data Path Delay:        10.390ns  (logic 4.458ns (42.907%)  route 5.932ns (57.093%))
  Logic Levels:           5  (LUT5=2 LUT6=2 OBUF=1)
  Clock Uncertainty:      0.025ns  ((TSJ^2 + TIJ^2)^1/2 + DJ) / 2 + PE
    Total System Jitter     (TSJ):    0.050ns
    Total Input Jitter      (TIJ):    0.000ns
    Discrete Jitter          (DJ):    0.000ns
    Phase Error              (PE):    0.000ns

    Location             Delay type                Incr(ns)  Path(ns)    Netlist Resource(s)
  -------------------------------------------------------------------    -------------------
                         (clock sys_clk_pin rise edge)
                                                      0.000     0.000 r  
    W5                                                0.000     0.000 r  i_clk (IN)
                         net (fo=0)                   0.000     0.000    i_clk
    W5                   IBUF (Prop_ibuf_I_O)         1.458     1.458 r  i_clk_IBUF_inst/O
                         net (fo=1, routed)           1.967     3.425    i_clk_IBUF
    BUFGCTRL_X0Y0        BUFG (Prop_bufg_I_O)         0.096     3.521 r  i_clk_IBUF_BUFG_inst/O
                         net (fo=22, routed)          1.636     5.157    REG_B/CLK
    SLICE_X3Y9           FDRE                                         r  REG_B/o_Q_reg[5]/C
  -------------------------------------------------------------------    -------------------
    SLICE_X3Y9           FDRE (Prop_fdre_C_Q)         0.456     5.613 f  REG_B/o_Q_reg[5]/Q
                         net (fo=6, routed)           0.994     6.608    REG_B/Q[5]
    SLICE_X1Y10          LUT5 (Prop_lut5_I2_O)        0.124     6.732 f  REG_B/o_leds_OBUF[7]_inst_i_7/O
                         net (fo=16, routed)          1.658     8.389    REG_B/o_Q_reg[6]_0
    SLICE_X3Y7           LUT6 (Prop_lut6_I0_O)        0.124     8.513 r  REG_B/o_leds_OBUF[6]_inst_i_7/O
                         net (fo=2, routed)           0.672     9.185    REG_B/o_leds_OBUF[6]_inst_i_7_n_0
    SLICE_X2Y7           LUT6 (Prop_lut6_I5_O)        0.124     9.309 f  REG_B/o_leds_OBUF[6]_inst_i_4/O
                         net (fo=1, routed)           0.689     9.998    REG_OP/o_leds[6]
    SLICE_X2Y7           LUT5 (Prop_lut5_I3_O)        0.124    10.122 r  REG_OP/o_leds_OBUF[6]_inst_i_1/O
                         net (fo=1, routed)           1.919    12.041    o_leds_OBUF[6]
    U14                  OBUF (Prop_obuf_I_O)         3.506    15.548 r  o_leds_OBUF[6]_inst/O
                         net (fo=0)                   0.000    15.548    o_leds[6]
    U14                                                               r  o_leds[6] (OUT)
  -------------------------------------------------------------------    -------------------

Slack:                    inf
  Source:                 REG_A/o_Q_reg[2]/C
                            (rising edge-triggered cell FDRE clocked by sys_clk_pin  {rise@0.000ns fall@5.000ns period=10.000ns})
  Destination:            o_leds[5]
                            (output port)
  Path Group:             (none)
  Path Type:              Max at Slow Process Corner
  Data Path Delay:        10.037ns  (logic 5.289ns (52.699%)  route 4.748ns (47.301%))
  Logic Levels:           6  (CARRY4=2 LUT2=1 LUT6=2 OBUF=1)
  Clock Uncertainty:      0.025ns  ((TSJ^2 + TIJ^2)^1/2 + DJ) / 2 + PE
    Total System Jitter     (TSJ):    0.050ns
    Total Input Jitter      (TIJ):    0.000ns
    Discrete Jitter          (DJ):    0.000ns
    Phase Error              (PE):    0.000ns

    Location             Delay type                Incr(ns)  Path(ns)    Netlist Resource(s)
  -------------------------------------------------------------------    -------------------
                         (clock sys_clk_pin rise edge)
                                                      0.000     0.000 r  
    W5                                                0.000     0.000 r  i_clk (IN)
                         net (fo=0)                   0.000     0.000    i_clk
    W5                   IBUF (Prop_ibuf_I_O)         1.458     1.458 r  i_clk_IBUF_inst/O
                         net (fo=1, routed)           1.967     3.425    i_clk_IBUF
    BUFGCTRL_X0Y0        BUFG (Prop_bufg_I_O)         0.096     3.521 r  i_clk_IBUF_BUFG_inst/O
                         net (fo=22, routed)          1.636     5.157    REG_A/CLK
    SLICE_X2Y10          FDRE                                         r  REG_A/o_Q_reg[2]/C
  -------------------------------------------------------------------    -------------------
    SLICE_X2Y10          FDRE (Prop_fdre_C_Q)         0.518     5.675 r  REG_A/o_Q_reg[2]/Q
                         net (fo=8, routed)           1.515     7.190    REG_B/o_leds_OBUF[3]_inst_i_2_0[2]
    SLICE_X2Y10          LUT2 (Prop_lut2_I1_O)        0.124     7.314 r  REG_B/o_leds_OBUF[3]_inst_i_11/O
                         net (fo=1, routed)           0.000     7.314    REG_A/o_leds_OBUF[0]_inst_i_3[2]
    SLICE_X2Y10          CARRY4 (Prop_carry4_S[2]_CO[3])
                                                      0.380     7.694 r  REG_A/o_leds_OBUF[3]_inst_i_8/CO[3]
                         net (fo=1, routed)           0.000     7.694    REG_A/o_leds_OBUF[3]_inst_i_8_n_0
    SLICE_X2Y11          CARRY4 (Prop_carry4_CI_O[1])
                                                      0.323     8.017 r  REG_A/o_overflow_OBUF_inst_i_4/O[1]
                         net (fo=1, routed)           0.414     8.431    REG_OP/o_zero_OBUF_inst_i_2_0[1]
    SLICE_X1Y10          LUT6 (Prop_lut6_I3_O)        0.306     8.737 f  REG_OP/o_leds_OBUF[5]_inst_i_3/O
                         net (fo=1, routed)           0.939     9.676    REG_OP/o_leds_OBUF[5]_inst_i_3_n_0
    SLICE_X1Y9           LUT6 (Prop_lut6_I3_O)        0.124     9.800 r  REG_OP/o_leds_OBUF[5]_inst_i_1/O
                         net (fo=2, routed)           1.880    11.680    o_leds_OBUF[5]
    U15                  OBUF (Prop_obuf_I_O)         3.514    15.194 r  o_leds_OBUF[5]_inst/O
                         net (fo=0)                   0.000    15.194    o_leds[5]
    U15                                                               r  o_leds[5] (OUT)
  -------------------------------------------------------------------    -------------------

Slack:                    inf
  Source:                 REG_B/o_Q_reg[5]/C
                            (rising edge-triggered cell FDRE clocked by sys_clk_pin  {rise@0.000ns fall@5.000ns period=10.000ns})
  Destination:            o_leds[3]
                            (output port)
  Path Group:             (none)
  Path Type:              Max at Slow Process Corner
  Data Path Delay:        10.025ns  (logic 4.697ns (46.853%)  route 5.328ns (53.147%))
  Logic Levels:           5  (LUT3=1 LUT5=1 LUT6=2 OBUF=1)
  Clock Uncertainty:      0.025ns  ((TSJ^2 + TIJ^2)^1/2 + DJ) / 2 + PE
    Total System Jitter     (TSJ):    0.050ns
    Total Input Jitter      (TIJ):    0.000ns
    Discrete Jitter          (DJ):    0.000ns
    Phase Error              (PE):    0.000ns

    Location             Delay type                Incr(ns)  Path(ns)    Netlist Resource(s)
  -------------------------------------------------------------------    -------------------
                         (clock sys_clk_pin rise edge)
                                                      0.000     0.000 r  
    W5                                                0.000     0.000 r  i_clk (IN)
                         net (fo=0)                   0.000     0.000    i_clk
    W5                   IBUF (Prop_ibuf_I_O)         1.458     1.458 r  i_clk_IBUF_inst/O
                         net (fo=1, routed)           1.967     3.425    i_clk_IBUF
    BUFGCTRL_X0Y0        BUFG (Prop_bufg_I_O)         0.096     3.521 r  i_clk_IBUF_BUFG_inst/O
                         net (fo=22, routed)          1.636     5.157    REG_B/CLK
    SLICE_X3Y9           FDRE                                         r  REG_B/o_Q_reg[5]/C
  -------------------------------------------------------------------    -------------------
    SLICE_X3Y9           FDRE (Prop_fdre_C_Q)         0.456     5.613 r  REG_B/o_Q_reg[5]/Q
                         net (fo=6, routed)           0.994     6.608    REG_B/Q[5]
    SLICE_X1Y10          LUT5 (Prop_lut5_I2_O)        0.124     6.732 r  REG_B/o_leds_OBUF[7]_inst_i_7/O
                         net (fo=16, routed)          0.827     7.558    REG_OP/o_leds_OBUF[3]_inst_i_2
    SLICE_X0Y9           LUT3 (Prop_lut3_I1_O)        0.152     7.710 f  REG_OP/o_leds_OBUF[4]_inst_i_11/O
                         net (fo=2, routed)           0.964     8.675    REG_B/o_leds_OBUF[3]_inst_i_1_1
    SLICE_X4Y9           LUT6 (Prop_lut6_I5_O)        0.332     9.007 r  REG_B/o_leds_OBUF[3]_inst_i_2/O
                         net (fo=1, routed)           0.597     9.604    REG_OP/o_leds[3]
    SLICE_X2Y9           LUT6 (Prop_lut6_I1_O)        0.124     9.728 r  REG_OP/o_leds_OBUF[3]_inst_i_1/O
                         net (fo=2, routed)           1.945    11.673    o_leds_OBUF[3]
    V19                  OBUF (Prop_obuf_I_O)         3.509    15.182 r  o_leds_OBUF[3]_inst/O
                         net (fo=0)                   0.000    15.182    o_leds[3]
    V19                                                               r  o_leds[3] (OUT)
  -------------------------------------------------------------------    -------------------

Slack:                    inf
  Source:                 REG_B/o_Q_reg[3]/C
                            (rising edge-triggered cell FDRE clocked by sys_clk_pin  {rise@0.000ns fall@5.000ns period=10.000ns})
  Destination:            o_leds[4]
                            (output port)
  Path Group:             (none)
  Path Type:              Max at Slow Process Corner
  Data Path Delay:        10.010ns  (logic 5.135ns (51.292%)  route 4.876ns (48.708%))
  Logic Levels:           6  (CARRY4=2 LUT2=1 LUT6=2 OBUF=1)
  Clock Uncertainty:      0.025ns  ((TSJ^2 + TIJ^2)^1/2 + DJ) / 2 + PE
    Total System Jitter     (TSJ):    0.050ns
    Total Input Jitter      (TIJ):    0.000ns
    Discrete Jitter          (DJ):    0.000ns
    Phase Error              (PE):    0.000ns

    Location             Delay type                Incr(ns)  Path(ns)    Netlist Resource(s)
  -------------------------------------------------------------------    -------------------
                         (clock sys_clk_pin rise edge)
                                                      0.000     0.000 r  
    W5                                                0.000     0.000 r  i_clk (IN)
                         net (fo=0)                   0.000     0.000    i_clk
    W5                   IBUF (Prop_ibuf_I_O)         1.458     1.458 r  i_clk_IBUF_inst/O
                         net (fo=1, routed)           1.967     3.425    i_clk_IBUF
    BUFGCTRL_X0Y0        BUFG (Prop_bufg_I_O)         0.096     3.521 r  i_clk_IBUF_BUFG_inst/O
                         net (fo=22, routed)          1.635     5.156    REG_B/CLK
    SLICE_X1Y11          FDRE                                         r  REG_B/o_Q_reg[3]/C
  -------------------------------------------------------------------    -------------------
    SLICE_X1Y11          FDRE (Prop_fdre_C_Q)         0.456     5.612 r  REG_B/o_Q_reg[3]/Q
                         net (fo=6, routed)           1.296     6.908    ALU/o_overflow_OBUF_inst_i_3[3]
    SLICE_X3Y8           LUT2 (Prop_lut2_I1_O)        0.124     7.032 r  ALU/o_leds_OBUF[3]_inst_i_14/O
                         net (fo=1, routed)           0.000     7.032    REG_A/S[3]
    SLICE_X3Y8           CARRY4 (Prop_carry4_S[3]_CO[3])
                                                      0.401     7.433 r  REG_A/o_leds_OBUF[3]_inst_i_9/CO[3]
                         net (fo=1, routed)           0.000     7.433    REG_A/o_leds_OBUF[3]_inst_i_9_n_0
    SLICE_X3Y9           CARRY4 (Prop_carry4_CI_O[0])
                                                      0.222     7.655 r  REG_A/o_overflow_OBUF_inst_i_3/O[0]
                         net (fo=1, routed)           0.870     8.525    REG_OP/O[0]
    SLICE_X3Y12          LUT6 (Prop_lut6_I0_O)        0.299     8.824 f  REG_OP/o_leds_OBUF[4]_inst_i_6/O
                         net (fo=1, routed)           0.797     9.621    REG_OP/o_leds_OBUF[4]_inst_i_6_n_0
    SLICE_X3Y11          LUT6 (Prop_lut6_I5_O)        0.124     9.745 r  REG_OP/o_leds_OBUF[4]_inst_i_1/O
                         net (fo=2, routed)           1.913    11.658    o_leds_OBUF[4]
    W18                  OBUF (Prop_obuf_I_O)         3.509    15.167 r  o_leds_OBUF[4]_inst/O
                         net (fo=0)                   0.000    15.167    o_leds[4]
    W18                                                               r  o_leds[4] (OUT)
  -------------------------------------------------------------------    -------------------

Slack:                    inf
  Source:                 REG_B/o_Q_reg[3]/C
                            (rising edge-triggered cell FDRE clocked by sys_clk_pin  {rise@0.000ns fall@5.000ns period=10.000ns})
  Destination:            o_leds[7]
                            (output port)
  Path Group:             (none)
  Path Type:              Max at Slow Process Corner
  Data Path Delay:        10.005ns  (logic 5.225ns (52.221%)  route 4.780ns (47.779%))
  Logic Levels:           6  (CARRY4=2 LUT2=1 LUT6=2 OBUF=1)
  Clock Uncertainty:      0.025ns  ((TSJ^2 + TIJ^2)^1/2 + DJ) / 2 + PE
    Total System Jitter     (TSJ):    0.050ns
    Total Input Jitter      (TIJ):    0.000ns
    Discrete Jitter          (DJ):    0.000ns
    Phase Error              (PE):    0.000ns

    Location             Delay type                Incr(ns)  Path(ns)    Netlist Resource(s)
  -------------------------------------------------------------------    -------------------
                         (clock sys_clk_pin rise edge)
                                                      0.000     0.000 r  
    W5                                                0.000     0.000 r  i_clk (IN)
                         net (fo=0)                   0.000     0.000    i_clk
    W5                   IBUF (Prop_ibuf_I_O)         1.458     1.458 r  i_clk_IBUF_inst/O
                         net (fo=1, routed)           1.967     3.425    i_clk_IBUF
    BUFGCTRL_X0Y0        BUFG (Prop_bufg_I_O)         0.096     3.521 r  i_clk_IBUF_BUFG_inst/O
                         net (fo=22, routed)          1.635     5.156    REG_B/CLK
    SLICE_X1Y11          FDRE                                         r  REG_B/o_Q_reg[3]/C
  -------------------------------------------------------------------    -------------------
    SLICE_X1Y11          FDRE (Prop_fdre_C_Q)         0.456     5.612 r  REG_B/o_Q_reg[3]/Q
                         net (fo=6, routed)           1.296     6.908    ALU/o_overflow_OBUF_inst_i_3[3]
    SLICE_X3Y8           LUT2 (Prop_lut2_I1_O)        0.124     7.032 r  ALU/o_leds_OBUF[3]_inst_i_14/O
                         net (fo=1, routed)           0.000     7.032    REG_A/S[3]
    SLICE_X3Y8           CARRY4 (Prop_carry4_S[3]_CO[3])
                                                      0.401     7.433 r  REG_A/o_leds_OBUF[3]_inst_i_9/CO[3]
                         net (fo=1, routed)           0.000     7.433    REG_A/o_leds_OBUF[3]_inst_i_9_n_0
    SLICE_X3Y9           CARRY4 (Prop_carry4_CI_O[3])
                                                      0.313     7.746 r  REG_A/o_overflow_OBUF_inst_i_3/O[3]
                         net (fo=2, routed)           0.798     8.544    REG_OP/O[3]
    SLICE_X1Y11          LUT6 (Prop_lut6_I2_O)        0.306     8.850 f  REG_OP/o_leds_OBUF[7]_inst_i_3/O
                         net (fo=2, routed)           0.954     9.803    REG_OP/o_leds_OBUF[7]_inst_i_3_n_0
    SLICE_X1Y7           LUT6 (Prop_lut6_I1_O)        0.124     9.927 r  REG_OP/o_leds_OBUF[7]_inst_i_1/O
                         net (fo=1, routed)           1.733    11.661    o_leds_OBUF[7]
    V14                  OBUF (Prop_obuf_I_O)         3.501    15.161 r  o_leds_OBUF[7]_inst/O
                         net (fo=0)                   0.000    15.161    o_leds[7]
    V14                                                               r  o_leds[7] (OUT)
  -------------------------------------------------------------------    -------------------





Min Delay Paths
--------------------------------------------------------------------------------------
Slack:                    inf
  Source:                 REG_OP/o_Q_reg[4]/C
                            (rising edge-triggered cell FDRE clocked by sys_clk_pin  {rise@0.000ns fall@5.000ns period=10.000ns})
  Destination:            o_leds[2]
                            (output port)
  Path Group:             (none)
  Path Type:              Min at Fast Process Corner
  Data Path Delay:        2.024ns  (logic 1.388ns (68.600%)  route 0.635ns (31.400%))
  Logic Levels:           2  (LUT6=1 OBUF=1)
  Clock Uncertainty:      0.025ns  ((TSJ^2 + TIJ^2)^1/2 + DJ) / 2 + PE
    Total System Jitter     (TSJ):    0.050ns
    Total Input Jitter      (TIJ):    0.000ns
    Discrete Jitter          (DJ):    0.000ns
    Phase Error              (PE):    0.000ns

    Location             Delay type                Incr(ns)  Path(ns)    Netlist Resource(s)
  -------------------------------------------------------------------    -------------------
                         (clock sys_clk_pin rise edge)
                                                      0.000     0.000 r  
    W5                                                0.000     0.000 r  i_clk (IN)
                         net (fo=0)                   0.000     0.000    i_clk
    W5                   IBUF (Prop_ibuf_I_O)         0.226     0.226 r  i_clk_IBUF_inst/O
                         net (fo=1, routed)           0.631     0.858    i_clk_IBUF
    BUFGCTRL_X0Y0        BUFG (Prop_bufg_I_O)         0.026     0.884 r  i_clk_IBUF_BUFG_inst/O
                         net (fo=22, routed)          0.594     1.477    REG_OP/CLK
    SLICE_X1Y8           FDRE                                         r  REG_OP/o_Q_reg[4]/C
  -------------------------------------------------------------------    -------------------
    SLICE_X1Y8           FDRE (Prop_fdre_C_Q)         0.141     1.618 f  REG_OP/o_Q_reg[4]/Q
                         net (fo=6, routed)           0.193     1.811    REG_OP/o_Q_reg_n_0_[4]
    SLICE_X0Y9           LUT6 (Prop_lut6_I1_O)        0.045     1.856 r  REG_OP/o_leds_OBUF[2]_inst_i_1/O
                         net (fo=2, routed)           0.443     2.299    o_leds_OBUF[2]
    U19                  OBUF (Prop_obuf_I_O)         1.202     3.501 r  o_leds_OBUF[2]_inst/O
                         net (fo=0)                   0.000     3.501    o_leds[2]
    U19                                                               r  o_leds[2] (OUT)
  -------------------------------------------------------------------    -------------------

Slack:                    inf
  Source:                 REG_OP/o_Q_reg[5]/C
                            (rising edge-triggered cell FDRE clocked by sys_clk_pin  {rise@0.000ns fall@5.000ns period=10.000ns})
  Destination:            o_leds[3]
                            (output port)
  Path Group:             (none)
  Path Type:              Min at Fast Process Corner
  Data Path Delay:        2.114ns  (logic 1.396ns (66.030%)  route 0.718ns (33.970%))
  Logic Levels:           2  (LUT6=1 OBUF=1)
  Clock Uncertainty:      0.025ns  ((TSJ^2 + TIJ^2)^1/2 + DJ) / 2 + PE
    Total System Jitter     (TSJ):    0.050ns
    Total Input Jitter      (TIJ):    0.000ns
    Discrete Jitter          (DJ):    0.000ns
    Phase Error              (PE):    0.000ns

    Location             Delay type                Incr(ns)  Path(ns)    Netlist Resource(s)
  -------------------------------------------------------------------    -------------------
                         (clock sys_clk_pin rise edge)
                                                      0.000     0.000 r  
    W5                                                0.000     0.000 r  i_clk (IN)
                         net (fo=0)                   0.000     0.000    i_clk
    W5                   IBUF (Prop_ibuf_I_O)         0.226     0.226 r  i_clk_IBUF_inst/O
                         net (fo=1, routed)           0.631     0.858    i_clk_IBUF
    BUFGCTRL_X0Y0        BUFG (Prop_bufg_I_O)         0.026     0.884 r  i_clk_IBUF_BUFG_inst/O
                         net (fo=22, routed)          0.594     1.477    REG_OP/CLK
    SLICE_X3Y8           FDRE                                         r  REG_OP/o_Q_reg[5]/C
  -------------------------------------------------------------------    -------------------
    SLICE_X3Y8           FDRE (Prop_fdre_C_Q)         0.141     1.618 r  REG_OP/o_Q_reg[5]/Q
                         net (fo=8, routed)           0.250     1.868    REG_OP/o_Q_reg_n_0_[5]
    SLICE_X2Y9           LUT6 (Prop_lut6_I4_O)        0.045     1.913 r  REG_OP/o_leds_OBUF[3]_inst_i_1/O
                         net (fo=2, routed)           0.468     2.381    o_leds_OBUF[3]
    V19                  OBUF (Prop_obuf_I_O)         1.210     3.591 r  o_leds_OBUF[3]_inst/O
                         net (fo=0)                   0.000     3.591    o_leds[3]
    V19                                                               r  o_leds[3] (OUT)
  -------------------------------------------------------------------    -------------------

Slack:                    inf
  Source:                 REG_OP/o_Q_reg[4]/C
                            (rising edge-triggered cell FDRE clocked by sys_clk_pin  {rise@0.000ns fall@5.000ns period=10.000ns})
  Destination:            o_leds[5]
                            (output port)
  Path Group:             (none)
  Path Type:              Min at Fast Process Corner
  Data Path Delay:        2.143ns  (logic 1.402ns (65.391%)  route 0.742ns (34.609%))
  Logic Levels:           2  (LUT6=1 OBUF=1)
  Clock Uncertainty:      0.025ns  ((TSJ^2 + TIJ^2)^1/2 + DJ) / 2 + PE
    Total System Jitter     (TSJ):    0.050ns
    Total Input Jitter      (TIJ):    0.000ns
    Discrete Jitter          (DJ):    0.000ns
    Phase Error              (PE):    0.000ns

    Location             Delay type                Incr(ns)  Path(ns)    Netlist Resource(s)
  -------------------------------------------------------------------    -------------------
                         (clock sys_clk_pin rise edge)
                                                      0.000     0.000 r  
    W5                                                0.000     0.000 r  i_clk (IN)
                         net (fo=0)                   0.000     0.000    i_clk
    W5                   IBUF (Prop_ibuf_I_O)         0.226     0.226 r  i_clk_IBUF_inst/O
                         net (fo=1, routed)           0.631     0.858    i_clk_IBUF
    BUFGCTRL_X0Y0        BUFG (Prop_bufg_I_O)         0.026     0.884 r  i_clk_IBUF_BUFG_inst/O
                         net (fo=22, routed)          0.594     1.477    REG_OP/CLK
    SLICE_X1Y8           FDRE                                         r  REG_OP/o_Q_reg[4]/C
  -------------------------------------------------------------------    -------------------
    SLICE_X1Y8           FDRE (Prop_fdre_C_Q)         0.141     1.618 f  REG_OP/o_Q_reg[4]/Q
                         net (fo=6, routed)           0.312     1.930    REG_OP/o_Q_reg_n_0_[4]
    SLICE_X1Y9           LUT6 (Prop_lut6_I0_O)        0.045     1.975 r  REG_OP/o_leds_OBUF[5]_inst_i_1/O
                         net (fo=2, routed)           0.430     2.405    o_leds_OBUF[5]
    U15                  OBUF (Prop_obuf_I_O)         1.216     3.620 r  o_leds_OBUF[5]_inst/O
                         net (fo=0)                   0.000     3.620    o_leds[5]
    U15                                                               r  o_leds[5] (OUT)
  -------------------------------------------------------------------    -------------------

Slack:                    inf
  Source:                 REG_OP/o_Q_reg[0]/C
                            (rising edge-triggered cell FDRE clocked by sys_clk_pin  {rise@0.000ns fall@5.000ns period=10.000ns})
  Destination:            o_leds[7]
                            (output port)
  Path Group:             (none)
  Path Type:              Min at Fast Process Corner
  Data Path Delay:        2.160ns  (logic 1.388ns (64.246%)  route 0.772ns (35.754%))
  Logic Levels:           2  (LUT6=1 OBUF=1)
  Clock Uncertainty:      0.025ns  ((TSJ^2 + TIJ^2)^1/2 + DJ) / 2 + PE
    Total System Jitter     (TSJ):    0.050ns
    Total Input Jitter      (TIJ):    0.000ns
    Discrete Jitter          (DJ):    0.000ns
    Phase Error              (PE):    0.000ns

    Location             Delay type                Incr(ns)  Path(ns)    Netlist Resource(s)
  -------------------------------------------------------------------    -------------------
                         (clock sys_clk_pin rise edge)
                                                      0.000     0.000 r  
    W5                                                0.000     0.000 r  i_clk (IN)
                         net (fo=0)                   0.000     0.000    i_clk
    W5                   IBUF (Prop_ibuf_I_O)         0.226     0.226 r  i_clk_IBUF_inst/O
                         net (fo=1, routed)           0.631     0.858    i_clk_IBUF
    BUFGCTRL_X0Y0        BUFG (Prop_bufg_I_O)         0.026     0.884 r  i_clk_IBUF_BUFG_inst/O
                         net (fo=22, routed)          0.593     1.476    REG_OP/CLK
    SLICE_X3Y10          FDRE                                         r  REG_OP/o_Q_reg[0]/C
  -------------------------------------------------------------------    -------------------
    SLICE_X3Y10          FDRE (Prop_fdre_C_Q)         0.141     1.617 r  REG_OP/o_Q_reg[0]/Q
                         net (fo=36, routed)          0.405     2.022    REG_OP/Q[0]
    SLICE_X1Y7           LUT6 (Prop_lut6_I4_O)        0.045     2.067 r  REG_OP/o_leds_OBUF[7]_inst_i_1/O
                         net (fo=1, routed)           0.367     2.435    o_leds_OBUF[7]
    V14                  OBUF (Prop_obuf_I_O)         1.202     3.636 r  o_leds_OBUF[7]_inst/O
                         net (fo=0)                   0.000     3.636    o_leds[7]
    V14                                                               r  o_leds[7] (OUT)
  -------------------------------------------------------------------    -------------------

Slack:                    inf
  Source:                 REG_OP/o_Q_reg[5]/C
                            (rising edge-triggered cell FDRE clocked by sys_clk_pin  {rise@0.000ns fall@5.000ns period=10.000ns})
  Destination:            o_leds[4]
                            (output port)
  Path Group:             (none)
  Path Type:              Min at Fast Process Corner
  Data Path Delay:        2.223ns  (logic 1.396ns (62.772%)  route 0.828ns (37.228%))
  Logic Levels:           2  (LUT6=1 OBUF=1)
  Clock Uncertainty:      0.025ns  ((TSJ^2 + TIJ^2)^1/2 + DJ) / 2 + PE
    Total System Jitter     (TSJ):    0.050ns
    Total Input Jitter      (TIJ):    0.000ns
    Discrete Jitter          (DJ):    0.000ns
    Phase Error              (PE):    0.000ns

    Location             Delay type                Incr(ns)  Path(ns)    Netlist Resource(s)
  -------------------------------------------------------------------    -------------------
                         (clock sys_clk_pin rise edge)
                                                      0.000     0.000 r  
    W5                                                0.000     0.000 r  i_clk (IN)
                         net (fo=0)                   0.000     0.000    i_clk
    W5                   IBUF (Prop_ibuf_I_O)         0.226     0.226 r  i_clk_IBUF_inst/O
                         net (fo=1, routed)           0.631     0.858    i_clk_IBUF
    BUFGCTRL_X0Y0        BUFG (Prop_bufg_I_O)         0.026     0.884 r  i_clk_IBUF_BUFG_inst/O
                         net (fo=22, routed)          0.594     1.477    REG_OP/CLK
    SLICE_X3Y8           FDRE                                         r  REG_OP/o_Q_reg[5]/C
  -------------------------------------------------------------------    -------------------
    SLICE_X3Y8           FDRE (Prop_fdre_C_Q)         0.141     1.618 r  REG_OP/o_Q_reg[5]/Q
                         net (fo=8, routed)           0.381     1.999    REG_OP/o_Q_reg_n_0_[5]
    SLICE_X3Y11          LUT6 (Prop_lut6_I4_O)        0.045     2.044 r  REG_OP/o_leds_OBUF[4]_inst_i_1/O
                         net (fo=2, routed)           0.447     2.491    o_leds_OBUF[4]
    W18                  OBUF (Prop_obuf_I_O)         1.210     3.701 r  o_leds_OBUF[4]_inst/O
                         net (fo=0)                   0.000     3.701    o_leds[4]
    W18                                                               r  o_leds[4] (OUT)
  -------------------------------------------------------------------    -------------------

Slack:                    inf
  Source:                 REG_OP/o_Q_reg[0]/C
                            (rising edge-triggered cell FDRE clocked by sys_clk_pin  {rise@0.000ns fall@5.000ns period=10.000ns})
  Destination:            o_leds[6]
                            (output port)
  Path Group:             (none)
  Path Type:              Min at Fast Process Corner
  Data Path Delay:        2.308ns  (logic 1.438ns (62.329%)  route 0.869ns (37.671%))
  Logic Levels:           3  (LUT5=1 LUT6=1 OBUF=1)
  Clock Uncertainty:      0.025ns  ((TSJ^2 + TIJ^2)^1/2 + DJ) / 2 + PE
    Total System Jitter     (TSJ):    0.050ns
    Total Input Jitter      (TIJ):    0.000ns
    Discrete Jitter          (DJ):    0.000ns
    Phase Error              (PE):    0.000ns

    Location             Delay type                Incr(ns)  Path(ns)    Netlist Resource(s)
  -------------------------------------------------------------------    -------------------
                         (clock sys_clk_pin rise edge)
                                                      0.000     0.000 r  
    W5                                                0.000     0.000 r  i_clk (IN)
                         net (fo=0)                   0.000     0.000    i_clk
    W5                   IBUF (Prop_ibuf_I_O)         0.226     0.226 r  i_clk_IBUF_inst/O
                         net (fo=1, routed)           0.631     0.858    i_clk_IBUF
    BUFGCTRL_X0Y0        BUFG (Prop_bufg_I_O)         0.026     0.884 r  i_clk_IBUF_BUFG_inst/O
                         net (fo=22, routed)          0.593     1.476    REG_OP/CLK
    SLICE_X3Y10          FDRE                                         r  REG_OP/o_Q_reg[0]/C
  -------------------------------------------------------------------    -------------------
    SLICE_X3Y10          FDRE (Prop_fdre_C_Q)         0.141     1.617 r  REG_OP/o_Q_reg[0]/Q
                         net (fo=36, routed)          0.218     1.835    REG_OP/Q[0]
    SLICE_X3Y11          LUT6 (Prop_lut6_I4_O)        0.045     1.880 r  REG_OP/o_leds_OBUF[6]_inst_i_3/O
                         net (fo=2, routed)           0.207     2.087    REG_OP/o_leds_OBUF[6]_inst_i_3_n_0
    SLICE_X2Y7           LUT5 (Prop_lut5_I2_O)        0.045     2.132 r  REG_OP/o_leds_OBUF[6]_inst_i_1/O
                         net (fo=1, routed)           0.444     2.576    o_leds_OBUF[6]
    U14                  OBUF (Prop_obuf_I_O)         1.207     3.784 r  o_leds_OBUF[6]_inst/O
                         net (fo=0)                   0.000     3.784    o_leds[6]
    U14                                                               r  o_leds[6] (OUT)
  -------------------------------------------------------------------    -------------------

Slack:                    inf
  Source:                 REG_A/o_Q_reg[7]/C
                            (rising edge-triggered cell FDRE clocked by sys_clk_pin  {rise@0.000ns fall@5.000ns period=10.000ns})
  Destination:            o_zero
                            (output port)
  Path Group:             (none)
  Path Type:              Min at Fast Process Corner
  Data Path Delay:        2.312ns  (logic 1.526ns (66.015%)  route 0.786ns (33.985%))
  Logic Levels:           5  (LUT5=1 LUT6=3 OBUF=1)
  Clock Uncertainty:      0.025ns  ((TSJ^2 + TIJ^2)^1/2 + DJ) / 2 + PE
    Total System Jitter     (TSJ):    0.050ns
    Total Input Jitter      (TIJ):    0.000ns
    Discrete Jitter          (DJ):    0.000ns
    Phase Error              (PE):    0.000ns

    Location             Delay type                Incr(ns)  Path(ns)    Netlist Resource(s)
  -------------------------------------------------------------------    -------------------
                         (clock sys_clk_pin rise edge)
                                                      0.000     0.000 r  
    W5                                                0.000     0.000 r  i_clk (IN)
                         net (fo=0)                   0.000     0.000    i_clk
    W5                   IBUF (Prop_ibuf_I_O)         0.226     0.226 r  i_clk_IBUF_inst/O
                         net (fo=1, routed)           0.631     0.858    i_clk_IBUF
    BUFGCTRL_X0Y0        BUFG (Prop_bufg_I_O)         0.026     0.884 r  i_clk_IBUF_BUFG_inst/O
                         net (fo=22, routed)          0.593     1.476    REG_A/CLK
    SLICE_X0Y11          FDRE                                         r  REG_A/o_Q_reg[7]/C
  -------------------------------------------------------------------    -------------------
    SLICE_X0Y11          FDRE (Prop_fdre_C_Q)         0.141     1.617 r  REG_A/o_Q_reg[7]/Q
                         net (fo=23, routed)          0.133     1.750    REG_OP/o_leds[7][7]
    SLICE_X1Y11          LUT5 (Prop_lut5_I2_O)        0.045     1.795 r  REG_OP/o_leds_OBUF[7]_inst_i_6/O
                         net (fo=1, routed)           0.050     1.845    REG_OP/o_leds_OBUF[7]_inst_i_6_n_0
    SLICE_X1Y11          LUT6 (Prop_lut6_I0_O)        0.045     1.890 r  REG_OP/o_leds_OBUF[7]_inst_i_3/O
                         net (fo=2, routed)           0.188     2.078    REG_OP/o_leds_OBUF[7]_inst_i_3_n_0
    SLICE_X0Y7           LUT6 (Prop_lut6_I1_O)        0.045     2.123 f  REG_OP/o_zero_OBUF_inst_i_2/O
                         net (fo=1, routed)           0.058     2.180    REG_OP/o_zero_OBUF_inst_i_2_n_0
    SLICE_X0Y7           LUT6 (Prop_lut6_I1_O)        0.045     2.225 r  REG_OP/o_zero_OBUF_inst_i_1/O
                         net (fo=1, routed)           0.357     2.583    o_zero_OBUF
    V13                  OBUF (Prop_obuf_I_O)         1.205     3.788 r  o_zero_OBUF_inst/O
                         net (fo=0)                   0.000     3.788    o_zero
    V13                                                               r  o_zero (OUT)
  -------------------------------------------------------------------    -------------------

Slack:                    inf
  Source:                 REG_OP/o_Q_reg[2]/C
                            (rising edge-triggered cell FDRE clocked by sys_clk_pin  {rise@0.000ns fall@5.000ns period=10.000ns})
  Destination:            o_leds[0]
                            (output port)
  Path Group:             (none)
  Path Type:              Min at Fast Process Corner
  Data Path Delay:        2.320ns  (logic 1.437ns (61.940%)  route 0.883ns (38.060%))
  Logic Levels:           3  (LUT5=1 LUT6=1 OBUF=1)
  Clock Uncertainty:      0.025ns  ((TSJ^2 + TIJ^2)^1/2 + DJ) / 2 + PE
    Total System Jitter     (TSJ):    0.050ns
    Total Input Jitter      (TIJ):    0.000ns
    Discrete Jitter          (DJ):    0.000ns
    Phase Error              (PE):    0.000ns

    Location             Delay type                Incr(ns)  Path(ns)    Netlist Resource(s)
  -------------------------------------------------------------------    -------------------
                         (clock sys_clk_pin rise edge)
                                                      0.000     0.000 r  
    W5                                                0.000     0.000 r  i_clk (IN)
                         net (fo=0)                   0.000     0.000    i_clk
    W5                   IBUF (Prop_ibuf_I_O)         0.226     0.226 r  i_clk_IBUF_inst/O
                         net (fo=1, routed)           0.631     0.858    i_clk_IBUF
    BUFGCTRL_X0Y0        BUFG (Prop_bufg_I_O)         0.026     0.884 r  i_clk_IBUF_BUFG_inst/O
                         net (fo=22, routed)          0.593     1.476    REG_OP/CLK
    SLICE_X3Y10          FDRE                                         r  REG_OP/o_Q_reg[2]/C
  -------------------------------------------------------------------    -------------------
    SLICE_X3Y10          FDRE (Prop_fdre_C_Q)         0.141     1.617 r  REG_OP/o_Q_reg[2]/Q
                         net (fo=24, routed)          0.176     1.793    REG_OP/o_Q_reg_n_0_[2]
    SLICE_X1Y10          LUT6 (Prop_lut6_I5_O)        0.045     1.838 r  REG_OP/o_leds_OBUF[0]_inst_i_3/O
                         net (fo=2, routed)           0.346     2.185    REG_OP/o_leds_OBUF[0]_inst_i_3_n_0
    SLICE_X0Y7           LUT5 (Prop_lut5_I2_O)        0.045     2.230 r  REG_OP/o_leds_OBUF[0]_inst_i_1/O
                         net (fo=1, routed)           0.360     2.590    o_leds_OBUF[0]
    U16                  OBUF (Prop_obuf_I_O)         1.206     3.796 r  o_leds_OBUF[0]_inst/O
                         net (fo=0)                   0.000     3.796    o_leds[0]
    U16                                                               r  o_leds[0] (OUT)
  -------------------------------------------------------------------    -------------------

Slack:                    inf
  Source:                 REG_OP/o_Q_reg[1]/C
                            (rising edge-triggered cell FDRE clocked by sys_clk_pin  {rise@0.000ns fall@5.000ns period=10.000ns})
  Destination:            o_leds[1]
                            (output port)
  Path Group:             (none)
  Path Type:              Min at Fast Process Corner
  Data Path Delay:        2.677ns  (logic 1.462ns (54.594%)  route 1.216ns (45.406%))
  Logic Levels:           3  (LUT5=1 LUT6=1 OBUF=1)
  Clock Uncertainty:      0.025ns  ((TSJ^2 + TIJ^2)^1/2 + DJ) / 2 + PE
    Total System Jitter     (TSJ):    0.050ns
    Total Input Jitter      (TIJ):    0.000ns
    Discrete Jitter          (DJ):    0.000ns
    Phase Error              (PE):    0.000ns

    Location             Delay type                Incr(ns)  Path(ns)    Netlist Resource(s)
  -------------------------------------------------------------------    -------------------
                         (clock sys_clk_pin rise edge)
                                                      0.000     0.000 r  
    W5                                                0.000     0.000 r  i_clk (IN)
                         net (fo=0)                   0.000     0.000    i_clk
    W5                   IBUF (Prop_ibuf_I_O)         0.226     0.226 r  i_clk_IBUF_inst/O
                         net (fo=1, routed)           0.631     0.858    i_clk_IBUF
    BUFGCTRL_X0Y0        BUFG (Prop_bufg_I_O)         0.026     0.884 r  i_clk_IBUF_BUFG_inst/O
                         net (fo=22, routed)          0.592     1.475    REG_OP/CLK
    SLICE_X1Y12          FDRE                                         r  REG_OP/o_Q_reg[1]/C
  -------------------------------------------------------------------    -------------------
    SLICE_X1Y12          FDRE (Prop_fdre_C_Q)         0.141     1.616 f  REG_OP/o_Q_reg[1]/Q
                         net (fo=22, routed)          0.209     1.825    REG_OP/Q[1]
    SLICE_X3Y11          LUT6 (Prop_lut6_I2_O)        0.045     1.870 r  REG_OP/o_leds_OBUF[1]_inst_i_3/O
                         net (fo=2, routed)           0.196     2.065    REG_OP/o_leds_OBUF[1]_inst_i_3_n_0
    SLICE_X1Y8           LUT5 (Prop_lut5_I2_O)        0.045     2.110 r  REG_OP/o_leds_OBUF[1]_inst_i_1/O
                         net (fo=1, routed)           0.811     2.922    o_leds_OBUF[1]
    E19                  OBUF (Prop_obuf_I_O)         1.231     4.152 r  o_leds_OBUF[1]_inst/O
                         net (fo=0)                   0.000     4.152    o_leds[1]
    E19                                                               r  o_leds[1] (OUT)
  -------------------------------------------------------------------    -------------------

Slack:                    inf
  Source:                 REG_B/o_Q_reg[7]/C
                            (rising edge-triggered cell FDRE clocked by sys_clk_pin  {rise@0.000ns fall@5.000ns period=10.000ns})
  Destination:            o_overflow
                            (output port)
  Path Group:             (none)
  Path Type:              Min at Fast Process Corner
  Data Path Delay:        3.223ns  (logic 1.412ns (43.821%)  route 1.811ns (56.179%))
  Logic Levels:           2  (LUT6=1 OBUF=1)
  Clock Uncertainty:      0.025ns  ((TSJ^2 + TIJ^2)^1/2 + DJ) / 2 + PE
    Total System Jitter     (TSJ):    0.050ns
    Total Input Jitter      (TIJ):    0.000ns
    Discrete Jitter          (DJ):    0.000ns
    Phase Error              (PE):    0.000ns

    Location             Delay type                Incr(ns)  Path(ns)    Netlist Resource(s)
  -------------------------------------------------------------------    -------------------
                         (clock sys_clk_pin rise edge)
                                                      0.000     0.000 r  
    W5                                                0.000     0.000 r  i_clk (IN)
                         net (fo=0)                   0.000     0.000    i_clk
    W5                   IBUF (Prop_ibuf_I_O)         0.226     0.226 r  i_clk_IBUF_inst/O
                         net (fo=1, routed)           0.631     0.858    i_clk_IBUF
    BUFGCTRL_X0Y0        BUFG (Prop_bufg_I_O)         0.026     0.884 r  i_clk_IBUF_BUFG_inst/O
                         net (fo=22, routed)          0.593     1.476    REG_B/CLK
    SLICE_X1Y11          FDRE                                         r  REG_B/o_Q_reg[7]/C
  -------------------------------------------------------------------    -------------------
    SLICE_X1Y11          FDRE (Prop_fdre_C_Q)         0.141     1.617 r  REG_B/o_Q_reg[7]/Q
                         net (fo=6, routed)           0.147     1.764    REG_A/o_overflow_0[3]
    SLICE_X1Y11          LUT6 (Prop_lut6_I3_O)        0.045     1.809 r  REG_A/o_overflow_OBUF_inst_i_1/O
                         net (fo=1, routed)           1.664     3.473    o_overflow_OBUF
    W3                   OBUF (Prop_obuf_I_O)         1.226     4.699 r  o_overflow_OBUF_inst/O
                         net (fo=0)                   0.000     4.699    o_overflow
    W3                                                                r  o_overflow (OUT)
  -------------------------------------------------------------------    -------------------





--------------------------------------------------------------------------------------
Path Group:  (none)
From Clock:  
  To Clock:  sys_clk_pin

Max Delay            44 Endpoints
Min Delay            44 Endpoints
--------------------------------------------------------------------------------------


Max Delay Paths
--------------------------------------------------------------------------------------
Slack:                    inf
  Source:                 i_switches[4]
                            (input port)
  Destination:            REG_A/o_Q_reg[4]/D
                            (rising edge-triggered cell FDRE clocked by sys_clk_pin  {rise@0.000ns fall@5.000ns period=10.000ns})
  Path Group:             (none)
  Path Type:              Setup (Max at Slow Process Corner)
  Data Path Delay:        3.136ns  (logic 1.451ns (46.266%)  route 1.685ns (53.734%))
  Logic Levels:           1  (IBUF=1)
  Clock Path Skew:        4.858ns (DCD - SCD + CPR)
    Destination Clock Delay (DCD):    4.858ns
    Source Clock Delay      (SCD):    0.000ns
    Clock Pessimism Removal (CPR):    0.000ns
  Clock Uncertainty:      0.025ns  ((TSJ^2 + TIJ^2)^1/2 + DJ) / 2 + PE
    Total System Jitter     (TSJ):    0.050ns
    Total Input Jitter      (TIJ):    0.000ns
    Discrete Jitter          (DJ):    0.000ns
    Phase Error              (PE):    0.000ns

    Location             Delay type                Incr(ns)  Path(ns)    Netlist Resource(s)
  -------------------------------------------------------------------    -------------------
    W15                                               0.000     0.000 r  i_switches[4] (IN)
                         net (fo=0)                   0.000     0.000    i_switches[4]
    W15                  IBUF (Prop_ibuf_I_O)         1.451     1.451 r  i_switches_IBUF[4]_inst/O
                         net (fo=3, routed)           1.685     3.136    REG_A/D[4]
    SLICE_X2Y10          FDRE                                         r  REG_A/o_Q_reg[4]/D
  -------------------------------------------------------------------    -------------------

                         (clock sys_clk_pin rise edge)
                                                      0.000     0.000 r  
    W5                                                0.000     0.000 r  i_clk (IN)
                         net (fo=0)                   0.000     0.000    i_clk
    W5                   IBUF (Prop_ibuf_I_O)         1.388     1.388 r  i_clk_IBUF_inst/O
                         net (fo=1, routed)           1.862     3.250    i_clk_IBUF
    BUFGCTRL_X0Y0        BUFG (Prop_bufg_I_O)         0.091     3.341 r  i_clk_IBUF_BUFG_inst/O
                         net (fo=22, routed)          1.517     4.858    REG_A/CLK
    SLICE_X2Y10          FDRE                                         r  REG_A/o_Q_reg[4]/C

Slack:                    inf
  Source:                 i_btn_B
                            (input port)
  Destination:            REG_B/o_Q_reg[2]/CE
                            (rising edge-triggered cell FDRE clocked by sys_clk_pin  {rise@0.000ns fall@5.000ns period=10.000ns})
  Path Group:             (none)
  Path Type:              Setup (Max at Slow Process Corner)
  Data Path Delay:        3.123ns  (logic 1.441ns (46.151%)  route 1.682ns (53.849%))
  Logic Levels:           1  (IBUF=1)
  Clock Path Skew:        4.858ns (DCD - SCD + CPR)
    Destination Clock Delay (DCD):    4.858ns
    Source Clock Delay      (SCD):    0.000ns
    Clock Pessimism Removal (CPR):    0.000ns
  Clock Uncertainty:      0.025ns  ((TSJ^2 + TIJ^2)^1/2 + DJ) / 2 + PE
    Total System Jitter     (TSJ):    0.050ns
    Total Input Jitter      (TIJ):    0.000ns
    Discrete Jitter          (DJ):    0.000ns
    Phase Error              (PE):    0.000ns

    Location             Delay type                Incr(ns)  Path(ns)    Netlist Resource(s)
  -------------------------------------------------------------------    -------------------
    U18                                               0.000     0.000 r  i_btn_B (IN)
                         net (fo=0)                   0.000     0.000    i_btn_B
    U18                  IBUF (Prop_ibuf_I_O)         1.441     1.441 r  i_btn_B_IBUF_inst/O
                         net (fo=8, routed)           1.682     3.123    REG_B/E[0]
    SLICE_X3Y9           FDRE                                         r  REG_B/o_Q_reg[2]/CE
  -------------------------------------------------------------------    -------------------

                         (clock sys_clk_pin rise edge)
                                                      0.000     0.000 r  
    W5                                                0.000     0.000 r  i_clk (IN)
                         net (fo=0)                   0.000     0.000    i_clk
    W5                   IBUF (Prop_ibuf_I_O)         1.388     1.388 r  i_clk_IBUF_inst/O
                         net (fo=1, routed)           1.862     3.250    i_clk_IBUF
    BUFGCTRL_X0Y0        BUFG (Prop_bufg_I_O)         0.091     3.341 r  i_clk_IBUF_BUFG_inst/O
                         net (fo=22, routed)          1.517     4.858    REG_B/CLK
    SLICE_X3Y9           FDRE                                         r  REG_B/o_Q_reg[2]/C

Slack:                    inf
  Source:                 i_btn_B
                            (input port)
  Destination:            REG_B/o_Q_reg[4]/CE
                            (rising edge-triggered cell FDRE clocked by sys_clk_pin  {rise@0.000ns fall@5.000ns period=10.000ns})
  Path Group:             (none)
  Path Type:              Setup (Max at Slow Process Corner)
  Data Path Delay:        3.123ns  (logic 1.441ns (46.151%)  route 1.682ns (53.849%))
  Logic Levels:           1  (IBUF=1)
  Clock Path Skew:        4.858ns (DCD - SCD + CPR)
    Destination Clock Delay (DCD):    4.858ns
    Source Clock Delay      (SCD):    0.000ns
    Clock Pessimism Removal (CPR):    0.000ns
  Clock Uncertainty:      0.025ns  ((TSJ^2 + TIJ^2)^1/2 + DJ) / 2 + PE
    Total System Jitter     (TSJ):    0.050ns
    Total Input Jitter      (TIJ):    0.000ns
    Discrete Jitter          (DJ):    0.000ns
    Phase Error              (PE):    0.000ns

    Location             Delay type                Incr(ns)  Path(ns)    Netlist Resource(s)
  -------------------------------------------------------------------    -------------------
    U18                                               0.000     0.000 r  i_btn_B (IN)
                         net (fo=0)                   0.000     0.000    i_btn_B
    U18                  IBUF (Prop_ibuf_I_O)         1.441     1.441 r  i_btn_B_IBUF_inst/O
                         net (fo=8, routed)           1.682     3.123    REG_B/E[0]
    SLICE_X2Y9           FDRE                                         r  REG_B/o_Q_reg[4]/CE
  -------------------------------------------------------------------    -------------------

                         (clock sys_clk_pin rise edge)
                                                      0.000     0.000 r  
    W5                                                0.000     0.000 r  i_clk (IN)
                         net (fo=0)                   0.000     0.000    i_clk
    W5                   IBUF (Prop_ibuf_I_O)         1.388     1.388 r  i_clk_IBUF_inst/O
                         net (fo=1, routed)           1.862     3.250    i_clk_IBUF
    BUFGCTRL_X0Y0        BUFG (Prop_bufg_I_O)         0.091     3.341 r  i_clk_IBUF_BUFG_inst/O
                         net (fo=22, routed)          1.517     4.858    REG_B/CLK
    SLICE_X2Y9           FDRE                                         r  REG_B/o_Q_reg[4]/C

Slack:                    inf
  Source:                 i_btn_B
                            (input port)
  Destination:            REG_B/o_Q_reg[5]/CE
                            (rising edge-triggered cell FDRE clocked by sys_clk_pin  {rise@0.000ns fall@5.000ns period=10.000ns})
  Path Group:             (none)
  Path Type:              Setup (Max at Slow Process Corner)
  Data Path Delay:        3.123ns  (logic 1.441ns (46.151%)  route 1.682ns (53.849%))
  Logic Levels:           1  (IBUF=1)
  Clock Path Skew:        4.858ns (DCD - SCD + CPR)
    Destination Clock Delay (DCD):    4.858ns
    Source Clock Delay      (SCD):    0.000ns
    Clock Pessimism Removal (CPR):    0.000ns
  Clock Uncertainty:      0.025ns  ((TSJ^2 + TIJ^2)^1/2 + DJ) / 2 + PE
    Total System Jitter     (TSJ):    0.050ns
    Total Input Jitter      (TIJ):    0.000ns
    Discrete Jitter          (DJ):    0.000ns
    Phase Error              (PE):    0.000ns

    Location             Delay type                Incr(ns)  Path(ns)    Netlist Resource(s)
  -------------------------------------------------------------------    -------------------
    U18                                               0.000     0.000 r  i_btn_B (IN)
                         net (fo=0)                   0.000     0.000    i_btn_B
    U18                  IBUF (Prop_ibuf_I_O)         1.441     1.441 r  i_btn_B_IBUF_inst/O
                         net (fo=8, routed)           1.682     3.123    REG_B/E[0]
    SLICE_X3Y9           FDRE                                         r  REG_B/o_Q_reg[5]/CE
  -------------------------------------------------------------------    -------------------

                         (clock sys_clk_pin rise edge)
                                                      0.000     0.000 r  
    W5                                                0.000     0.000 r  i_clk (IN)
                         net (fo=0)                   0.000     0.000    i_clk
    W5                   IBUF (Prop_ibuf_I_O)         1.388     1.388 r  i_clk_IBUF_inst/O
                         net (fo=1, routed)           1.862     3.250    i_clk_IBUF
    BUFGCTRL_X0Y0        BUFG (Prop_bufg_I_O)         0.091     3.341 r  i_clk_IBUF_BUFG_inst/O
                         net (fo=22, routed)          1.517     4.858    REG_B/CLK
    SLICE_X3Y9           FDRE                                         r  REG_B/o_Q_reg[5]/C

Slack:                    inf
  Source:                 i_btn_OP
                            (input port)
  Destination:            REG_OP/o_Q_reg[4]/CE
                            (rising edge-triggered cell FDRE clocked by sys_clk_pin  {rise@0.000ns fall@5.000ns period=10.000ns})
  Path Group:             (none)
  Path Type:              Setup (Max at Slow Process Corner)
  Data Path Delay:        3.020ns  (logic 1.451ns (48.052%)  route 1.569ns (51.948%))
  Logic Levels:           1  (IBUF=1)
  Clock Path Skew:        4.859ns (DCD - SCD + CPR)
    Destination Clock Delay (DCD):    4.859ns
    Source Clock Delay      (SCD):    0.000ns
    Clock Pessimism Removal (CPR):    0.000ns
  Clock Uncertainty:      0.025ns  ((TSJ^2 + TIJ^2)^1/2 + DJ) / 2 + PE
    Total System Jitter     (TSJ):    0.050ns
    Total Input Jitter      (TIJ):    0.000ns
    Discrete Jitter          (DJ):    0.000ns
    Phase Error              (PE):    0.000ns

    Location             Delay type                Incr(ns)  Path(ns)    Netlist Resource(s)
  -------------------------------------------------------------------    -------------------
    T17                                               0.000     0.000 r  i_btn_OP (IN)
                         net (fo=0)                   0.000     0.000    i_btn_OP
    T17                  IBUF (Prop_ibuf_I_O)         1.451     1.451 r  i_btn_OP_IBUF_inst/O
                         net (fo=6, routed)           1.569     3.020    REG_OP/E[0]
    SLICE_X1Y8           FDRE                                         r  REG_OP/o_Q_reg[4]/CE
  -------------------------------------------------------------------    -------------------

                         (clock sys_clk_pin rise edge)
                                                      0.000     0.000 r  
    W5                                                0.000     0.000 r  i_clk (IN)
                         net (fo=0)                   0.000     0.000    i_clk
    W5                   IBUF (Prop_ibuf_I_O)         1.388     1.388 r  i_clk_IBUF_inst/O
                         net (fo=1, routed)           1.862     3.250    i_clk_IBUF
    BUFGCTRL_X0Y0        BUFG (Prop_bufg_I_O)         0.091     3.341 r  i_clk_IBUF_BUFG_inst/O
                         net (fo=22, routed)          1.518     4.859    REG_OP/CLK
    SLICE_X1Y8           FDRE                                         r  REG_OP/o_Q_reg[4]/C

Slack:                    inf
  Source:                 i_switches[2]
                            (input port)
  Destination:            REG_A/o_Q_reg[2]/D
                            (rising edge-triggered cell FDRE clocked by sys_clk_pin  {rise@0.000ns fall@5.000ns period=10.000ns})
  Path Group:             (none)
  Path Type:              Setup (Max at Slow Process Corner)
  Data Path Delay:        2.989ns  (logic 1.464ns (48.980%)  route 1.525ns (51.020%))
  Logic Levels:           1  (IBUF=1)
  Clock Path Skew:        4.858ns (DCD - SCD + CPR)
    Destination Clock Delay (DCD):    4.858ns
    Source Clock Delay      (SCD):    0.000ns
    Clock Pessimism Removal (CPR):    0.000ns
  Clock Uncertainty:      0.025ns  ((TSJ^2 + TIJ^2)^1/2 + DJ) / 2 + PE
    Total System Jitter     (TSJ):    0.050ns
    Total Input Jitter      (TIJ):    0.000ns
    Discrete Jitter          (DJ):    0.000ns
    Phase Error              (PE):    0.000ns

    Location             Delay type                Incr(ns)  Path(ns)    Netlist Resource(s)
  -------------------------------------------------------------------    -------------------
    W16                                               0.000     0.000 r  i_switches[2] (IN)
                         net (fo=0)                   0.000     0.000    i_switches[2]
    W16                  IBUF (Prop_ibuf_I_O)         1.464     1.464 r  i_switches_IBUF[2]_inst/O
                         net (fo=3, routed)           1.525     2.989    REG_A/D[2]
    SLICE_X2Y10          FDRE                                         r  REG_A/o_Q_reg[2]/D
  -------------------------------------------------------------------    -------------------

                         (clock sys_clk_pin rise edge)
                                                      0.000     0.000 r  
    W5                                                0.000     0.000 r  i_clk (IN)
                         net (fo=0)                   0.000     0.000    i_clk
    W5                   IBUF (Prop_ibuf_I_O)         1.388     1.388 r  i_clk_IBUF_inst/O
                         net (fo=1, routed)           1.862     3.250    i_clk_IBUF
    BUFGCTRL_X0Y0        BUFG (Prop_bufg_I_O)         0.091     3.341 r  i_clk_IBUF_BUFG_inst/O
                         net (fo=22, routed)          1.517     4.858    REG_A/CLK
    SLICE_X2Y10          FDRE                                         r  REG_A/o_Q_reg[2]/C

Slack:                    inf
  Source:                 i_switches[2]
                            (input port)
  Destination:            REG_OP/o_Q_reg[2]/D
                            (rising edge-triggered cell FDRE clocked by sys_clk_pin  {rise@0.000ns fall@5.000ns period=10.000ns})
  Path Group:             (none)
  Path Type:              Setup (Max at Slow Process Corner)
  Data Path Delay:        2.986ns  (logic 1.464ns (49.029%)  route 1.522ns (50.971%))
  Logic Levels:           1  (IBUF=1)
  Clock Path Skew:        4.858ns (DCD - SCD + CPR)
    Destination Clock Delay (DCD):    4.858ns
    Source Clock Delay      (SCD):    0.000ns
    Clock Pessimism Removal (CPR):    0.000ns
  Clock Uncertainty:      0.025ns  ((TSJ^2 + TIJ^2)^1/2 + DJ) / 2 + PE
    Total System Jitter     (TSJ):    0.050ns
    Total Input Jitter      (TIJ):    0.000ns
    Discrete Jitter          (DJ):    0.000ns
    Phase Error              (PE):    0.000ns

    Location             Delay type                Incr(ns)  Path(ns)    Netlist Resource(s)
  -------------------------------------------------------------------    -------------------
    W16                                               0.000     0.000 r  i_switches[2] (IN)
                         net (fo=0)                   0.000     0.000    i_switches[2]
    W16                  IBUF (Prop_ibuf_I_O)         1.464     1.464 r  i_switches_IBUF[2]_inst/O
                         net (fo=3, routed)           1.522     2.986    REG_OP/D[2]
    SLICE_X3Y10          FDRE                                         r  REG_OP/o_Q_reg[2]/D
  -------------------------------------------------------------------    -------------------

                         (clock sys_clk_pin rise edge)
                                                      0.000     0.000 r  
    W5                                                0.000     0.000 r  i_clk (IN)
                         net (fo=0)                   0.000     0.000    i_clk
    W5                   IBUF (Prop_ibuf_I_O)         1.388     1.388 r  i_clk_IBUF_inst/O
                         net (fo=1, routed)           1.862     3.250    i_clk_IBUF
    BUFGCTRL_X0Y0        BUFG (Prop_bufg_I_O)         0.091     3.341 r  i_clk_IBUF_BUFG_inst/O
                         net (fo=22, routed)          1.517     4.858    REG_OP/CLK
    SLICE_X3Y10          FDRE                                         r  REG_OP/o_Q_reg[2]/C

Slack:                    inf
  Source:                 i_btn_OP
                            (input port)
  Destination:            REG_OP/o_Q_reg[3]/CE
                            (rising edge-triggered cell FDRE clocked by sys_clk_pin  {rise@0.000ns fall@5.000ns period=10.000ns})
  Path Group:             (none)
  Path Type:              Setup (Max at Slow Process Corner)
  Data Path Delay:        2.880ns  (logic 1.451ns (50.386%)  route 1.429ns (49.614%))
  Logic Levels:           1  (IBUF=1)
  Clock Path Skew:        4.858ns (DCD - SCD + CPR)
    Destination Clock Delay (DCD):    4.858ns
    Source Clock Delay      (SCD):    0.000ns
    Clock Pessimism Removal (CPR):    0.000ns
  Clock Uncertainty:      0.025ns  ((TSJ^2 + TIJ^2)^1/2 + DJ) / 2 + PE
    Total System Jitter     (TSJ):    0.050ns
    Total Input Jitter      (TIJ):    0.000ns
    Discrete Jitter          (DJ):    0.000ns
    Phase Error              (PE):    0.000ns

    Location             Delay type                Incr(ns)  Path(ns)    Netlist Resource(s)
  -------------------------------------------------------------------    -------------------
    T17                                               0.000     0.000 r  i_btn_OP (IN)
                         net (fo=0)                   0.000     0.000    i_btn_OP
    T17                  IBUF (Prop_ibuf_I_O)         1.451     1.451 r  i_btn_OP_IBUF_inst/O
                         net (fo=6, routed)           1.429     2.880    REG_OP/E[0]
    SLICE_X1Y9           FDRE                                         r  REG_OP/o_Q_reg[3]/CE
  -------------------------------------------------------------------    -------------------

                         (clock sys_clk_pin rise edge)
                                                      0.000     0.000 r  
    W5                                                0.000     0.000 r  i_clk (IN)
                         net (fo=0)                   0.000     0.000    i_clk
    W5                   IBUF (Prop_ibuf_I_O)         1.388     1.388 r  i_clk_IBUF_inst/O
                         net (fo=1, routed)           1.862     3.250    i_clk_IBUF
    BUFGCTRL_X0Y0        BUFG (Prop_bufg_I_O)         0.091     3.341 r  i_clk_IBUF_BUFG_inst/O
                         net (fo=22, routed)          1.517     4.858    REG_OP/CLK
    SLICE_X1Y9           FDRE                                         r  REG_OP/o_Q_reg[3]/C

Slack:                    inf
  Source:                 i_btn_OP
                            (input port)
  Destination:            REG_OP/o_Q_reg[5]/CE
                            (rising edge-triggered cell FDRE clocked by sys_clk_pin  {rise@0.000ns fall@5.000ns period=10.000ns})
  Path Group:             (none)
  Path Type:              Setup (Max at Slow Process Corner)
  Data Path Delay:        2.872ns  (logic 1.451ns (50.527%)  route 1.421ns (49.473%))
  Logic Levels:           1  (IBUF=1)
  Clock Path Skew:        4.859ns (DCD - SCD + CPR)
    Destination Clock Delay (DCD):    4.859ns
    Source Clock Delay      (SCD):    0.000ns
    Clock Pessimism Removal (CPR):    0.000ns
  Clock Uncertainty:      0.025ns  ((TSJ^2 + TIJ^2)^1/2 + DJ) / 2 + PE
    Total System Jitter     (TSJ):    0.050ns
    Total Input Jitter      (TIJ):    0.000ns
    Discrete Jitter          (DJ):    0.000ns
    Phase Error              (PE):    0.000ns

    Location             Delay type                Incr(ns)  Path(ns)    Netlist Resource(s)
  -------------------------------------------------------------------    -------------------
    T17                                               0.000     0.000 r  i_btn_OP (IN)
                         net (fo=0)                   0.000     0.000    i_btn_OP
    T17                  IBUF (Prop_ibuf_I_O)         1.451     1.451 r  i_btn_OP_IBUF_inst/O
                         net (fo=6, routed)           1.421     2.872    REG_OP/E[0]
    SLICE_X3Y8           FDRE                                         r  REG_OP/o_Q_reg[5]/CE
  -------------------------------------------------------------------    -------------------

                         (clock sys_clk_pin rise edge)
                                                      0.000     0.000 r  
    W5                                                0.000     0.000 r  i_clk (IN)
                         net (fo=0)                   0.000     0.000    i_clk
    W5                   IBUF (Prop_ibuf_I_O)         1.388     1.388 r  i_clk_IBUF_inst/O
                         net (fo=1, routed)           1.862     3.250    i_clk_IBUF
    BUFGCTRL_X0Y0        BUFG (Prop_bufg_I_O)         0.091     3.341 r  i_clk_IBUF_BUFG_inst/O
                         net (fo=22, routed)          1.518     4.859    REG_OP/CLK
    SLICE_X3Y8           FDRE                                         r  REG_OP/o_Q_reg[5]/C

Slack:                    inf
  Source:                 i_switches[5]
                            (input port)
  Destination:            REG_OP/o_Q_reg[5]/D
                            (rising edge-triggered cell FDRE clocked by sys_clk_pin  {rise@0.000ns fall@5.000ns period=10.000ns})
  Path Group:             (none)
  Path Type:              Setup (Max at Slow Process Corner)
  Data Path Delay:        2.844ns  (logic 1.466ns (51.554%)  route 1.378ns (48.446%))
  Logic Levels:           1  (IBUF=1)
  Clock Path Skew:        4.859ns (DCD - SCD + CPR)
    Destination Clock Delay (DCD):    4.859ns
    Source Clock Delay      (SCD):    0.000ns
    Clock Pessimism Removal (CPR):    0.000ns
  Clock Uncertainty:      0.025ns  ((TSJ^2 + TIJ^2)^1/2 + DJ) / 2 + PE
    Total System Jitter     (TSJ):    0.050ns
    Total Input Jitter      (TIJ):    0.000ns
    Discrete Jitter          (DJ):    0.000ns
    Phase Error              (PE):    0.000ns

    Location             Delay type                Incr(ns)  Path(ns)    Netlist Resource(s)
  -------------------------------------------------------------------    -------------------
    V15                                               0.000     0.000 r  i_switches[5] (IN)
                         net (fo=0)                   0.000     0.000    i_switches[5]
    V15                  IBUF (Prop_ibuf_I_O)         1.466     1.466 r  i_switches_IBUF[5]_inst/O
                         net (fo=3, routed)           1.378     2.844    REG_OP/D[5]
    SLICE_X3Y8           FDRE                                         r  REG_OP/o_Q_reg[5]/D
  -------------------------------------------------------------------    -------------------

                         (clock sys_clk_pin rise edge)
                                                      0.000     0.000 r  
    W5                                                0.000     0.000 r  i_clk (IN)
                         net (fo=0)                   0.000     0.000    i_clk
    W5                   IBUF (Prop_ibuf_I_O)         1.388     1.388 r  i_clk_IBUF_inst/O
                         net (fo=1, routed)           1.862     3.250    i_clk_IBUF
    BUFGCTRL_X0Y0        BUFG (Prop_bufg_I_O)         0.091     3.341 r  i_clk_IBUF_BUFG_inst/O
                         net (fo=22, routed)          1.518     4.859    REG_OP/CLK
    SLICE_X3Y8           FDRE                                         r  REG_OP/o_Q_reg[5]/C





Min Delay Paths
--------------------------------------------------------------------------------------
Slack:                    inf
  Source:                 i_switches[3]
                            (input port)
  Destination:            REG_OP/o_Q_reg[3]/D
                            (rising edge-triggered cell FDRE clocked by sys_clk_pin  {rise@0.000ns fall@5.000ns period=10.000ns})
  Path Group:             (none)
  Path Type:              Hold (Min at Fast Process Corner)
  Data Path Delay:        0.522ns  (logic 0.217ns (41.528%)  route 0.305ns (58.472%))
  Logic Levels:           1  (IBUF=1)
  Clock Path Skew:        1.992ns (DCD - SCD - CPR)
    Destination Clock Delay (DCD):    1.992ns
    Source Clock Delay      (SCD):    0.000ns
    Clock Pessimism Removal (CPR):    -0.000ns

    Location             Delay type                Incr(ns)  Path(ns)    Netlist Resource(s)
  -------------------------------------------------------------------    -------------------
    W17                                               0.000     0.000 r  i_switches[3] (IN)
                         net (fo=0)                   0.000     0.000    i_switches[3]
    W17                  IBUF (Prop_ibuf_I_O)         0.217     0.217 r  i_switches_IBUF[3]_inst/O
                         net (fo=3, routed)           0.305     0.522    REG_OP/D[3]
    SLICE_X1Y9           FDRE                                         r  REG_OP/o_Q_reg[3]/D
  -------------------------------------------------------------------    -------------------

                         (clock sys_clk_pin rise edge)
                                                      0.000     0.000 r  
    W5                                                0.000     0.000 r  i_clk (IN)
                         net (fo=0)                   0.000     0.000    i_clk
    W5                   IBUF (Prop_ibuf_I_O)         0.414     0.414 r  i_clk_IBUF_inst/O
                         net (fo=1, routed)           0.685     1.099    i_clk_IBUF
    BUFGCTRL_X0Y0        BUFG (Prop_bufg_I_O)         0.029     1.128 r  i_clk_IBUF_BUFG_inst/O
                         net (fo=22, routed)          0.865     1.992    REG_OP/CLK
    SLICE_X1Y9           FDRE                                         r  REG_OP/o_Q_reg[3]/C

Slack:                    inf
  Source:                 i_switches[1]
                            (input port)
  Destination:            REG_OP/o_Q_reg[1]/D
                            (rising edge-triggered cell FDRE clocked by sys_clk_pin  {rise@0.000ns fall@5.000ns period=10.000ns})
  Path Group:             (none)
  Path Type:              Hold (Min at Fast Process Corner)
  Data Path Delay:        0.537ns  (logic 0.229ns (42.716%)  route 0.308ns (57.284%))
  Logic Levels:           1  (IBUF=1)
  Clock Path Skew:        1.989ns (DCD - SCD - CPR)
    Destination Clock Delay (DCD):    1.989ns
    Source Clock Delay      (SCD):    0.000ns
    Clock Pessimism Removal (CPR):    -0.000ns

    Location             Delay type                Incr(ns)  Path(ns)    Netlist Resource(s)
  -------------------------------------------------------------------    -------------------
    V16                                               0.000     0.000 r  i_switches[1] (IN)
                         net (fo=0)                   0.000     0.000    i_switches[1]
    V16                  IBUF (Prop_ibuf_I_O)         0.229     0.229 r  i_switches_IBUF[1]_inst/O
                         net (fo=3, routed)           0.308     0.537    REG_OP/D[1]
    SLICE_X1Y12          FDRE                                         r  REG_OP/o_Q_reg[1]/D
  -------------------------------------------------------------------    -------------------

                         (clock sys_clk_pin rise edge)
                                                      0.000     0.000 r  
    W5                                                0.000     0.000 r  i_clk (IN)
                         net (fo=0)                   0.000     0.000    i_clk
    W5                   IBUF (Prop_ibuf_I_O)         0.414     0.414 r  i_clk_IBUF_inst/O
                         net (fo=1, routed)           0.685     1.099    i_clk_IBUF
    BUFGCTRL_X0Y0        BUFG (Prop_bufg_I_O)         0.029     1.128 r  i_clk_IBUF_BUFG_inst/O
                         net (fo=22, routed)          0.862     1.989    REG_OP/CLK
    SLICE_X1Y12          FDRE                                         r  REG_OP/o_Q_reg[1]/C

Slack:                    inf
  Source:                 i_switches[4]
                            (input port)
  Destination:            REG_OP/o_Q_reg[4]/D
                            (rising edge-triggered cell FDRE clocked by sys_clk_pin  {rise@0.000ns fall@5.000ns period=10.000ns})
  Path Group:             (none)
  Path Type:              Hold (Min at Fast Process Corner)
  Data Path Delay:        0.583ns  (logic 0.219ns (37.557%)  route 0.364ns (62.443%))
  Logic Levels:           1  (IBUF=1)
  Clock Path Skew:        1.992ns (DCD - SCD - CPR)
    Destination Clock Delay (DCD):    1.992ns
    Source Clock Delay      (SCD):    0.000ns
    Clock Pessimism Removal (CPR):    -0.000ns

    Location             Delay type                Incr(ns)  Path(ns)    Netlist Resource(s)
  -------------------------------------------------------------------    -------------------
    W15                                               0.000     0.000 r  i_switches[4] (IN)
                         net (fo=0)                   0.000     0.000    i_switches[4]
    W15                  IBUF (Prop_ibuf_I_O)         0.219     0.219 r  i_switches_IBUF[4]_inst/O
                         net (fo=3, routed)           0.364     0.583    REG_OP/D[4]
    SLICE_X1Y8           FDRE                                         r  REG_OP/o_Q_reg[4]/D
  -------------------------------------------------------------------    -------------------

                         (clock sys_clk_pin rise edge)
                                                      0.000     0.000 r  
    W5                                                0.000     0.000 r  i_clk (IN)
                         net (fo=0)                   0.000     0.000    i_clk
    W5                   IBUF (Prop_ibuf_I_O)         0.414     0.414 r  i_clk_IBUF_inst/O
                         net (fo=1, routed)           0.685     1.099    i_clk_IBUF
    BUFGCTRL_X0Y0        BUFG (Prop_bufg_I_O)         0.029     1.128 r  i_clk_IBUF_BUFG_inst/O
                         net (fo=22, routed)          0.865     1.992    REG_OP/CLK
    SLICE_X1Y8           FDRE                                         r  REG_OP/o_Q_reg[4]/C

Slack:                    inf
  Source:                 i_switches[0]
                            (input port)
  Destination:            REG_B/o_Q_reg[0]/D
                            (rising edge-triggered cell FDRE clocked by sys_clk_pin  {rise@0.000ns fall@5.000ns period=10.000ns})
  Path Group:             (none)
  Path Type:              Hold (Min at Fast Process Corner)
  Data Path Delay:        0.596ns  (logic 0.221ns (37.053%)  route 0.375ns (62.947%))
  Logic Levels:           1  (IBUF=1)
  Clock Path Skew:        1.991ns (DCD - SCD - CPR)
    Destination Clock Delay (DCD):    1.991ns
    Source Clock Delay      (SCD):    0.000ns
    Clock Pessimism Removal (CPR):    -0.000ns

    Location             Delay type                Incr(ns)  Path(ns)    Netlist Resource(s)
  -------------------------------------------------------------------    -------------------
    V17                                               0.000     0.000 r  i_switches[0] (IN)
                         net (fo=0)                   0.000     0.000    i_switches[0]
    V17                  IBUF (Prop_ibuf_I_O)         0.221     0.221 r  i_switches_IBUF[0]_inst/O
                         net (fo=3, routed)           0.375     0.596    REG_B/D[0]
    SLICE_X3Y11          FDRE                                         r  REG_B/o_Q_reg[0]/D
  -------------------------------------------------------------------    -------------------

                         (clock sys_clk_pin rise edge)
                                                      0.000     0.000 r  
    W5                                                0.000     0.000 r  i_clk (IN)
                         net (fo=0)                   0.000     0.000    i_clk
    W5                   IBUF (Prop_ibuf_I_O)         0.414     0.414 r  i_clk_IBUF_inst/O
                         net (fo=1, routed)           0.685     1.099    i_clk_IBUF
    BUFGCTRL_X0Y0        BUFG (Prop_bufg_I_O)         0.029     1.128 r  i_clk_IBUF_BUFG_inst/O
                         net (fo=22, routed)          0.864     1.991    REG_B/CLK
    SLICE_X3Y11          FDRE                                         r  REG_B/o_Q_reg[0]/C

Slack:                    inf
  Source:                 i_switches[1]
                            (input port)
  Destination:            REG_B/o_Q_reg[1]/D
                            (rising edge-triggered cell FDRE clocked by sys_clk_pin  {rise@0.000ns fall@5.000ns period=10.000ns})
  Path Group:             (none)
  Path Type:              Hold (Min at Fast Process Corner)
  Data Path Delay:        0.599ns  (logic 0.229ns (38.311%)  route 0.369ns (61.689%))
  Logic Levels:           1  (IBUF=1)
  Clock Path Skew:        1.991ns (DCD - SCD - CPR)
    Destination Clock Delay (DCD):    1.991ns
    Source Clock Delay      (SCD):    0.000ns
    Clock Pessimism Removal (CPR):    -0.000ns

    Location             Delay type                Incr(ns)  Path(ns)    Netlist Resource(s)
  -------------------------------------------------------------------    -------------------
    V16                                               0.000     0.000 r  i_switches[1] (IN)
                         net (fo=0)                   0.000     0.000    i_switches[1]
    V16                  IBUF (Prop_ibuf_I_O)         0.229     0.229 r  i_switches_IBUF[1]_inst/O
                         net (fo=3, routed)           0.369     0.599    REG_B/D[1]
    SLICE_X1Y11          FDRE                                         r  REG_B/o_Q_reg[1]/D
  -------------------------------------------------------------------    -------------------

                         (clock sys_clk_pin rise edge)
                                                      0.000     0.000 r  
    W5                                                0.000     0.000 r  i_clk (IN)
                         net (fo=0)                   0.000     0.000    i_clk
    W5                   IBUF (Prop_ibuf_I_O)         0.414     0.414 r  i_clk_IBUF_inst/O
                         net (fo=1, routed)           0.685     1.099    i_clk_IBUF
    BUFGCTRL_X0Y0        BUFG (Prop_bufg_I_O)         0.029     1.128 r  i_clk_IBUF_BUFG_inst/O
                         net (fo=22, routed)          0.864     1.991    REG_B/CLK
    SLICE_X1Y11          FDRE                                         r  REG_B/o_Q_reg[1]/C

Slack:                    inf
  Source:                 i_switches[1]
                            (input port)
  Destination:            REG_A/o_Q_reg[1]/D
                            (rising edge-triggered cell FDRE clocked by sys_clk_pin  {rise@0.000ns fall@5.000ns period=10.000ns})
  Path Group:             (none)
  Path Type:              Hold (Min at Fast Process Corner)
  Data Path Delay:        0.605ns  (logic 0.229ns (37.940%)  route 0.375ns (62.060%))
  Logic Levels:           1  (IBUF=1)
  Clock Path Skew:        1.991ns (DCD - SCD - CPR)
    Destination Clock Delay (DCD):    1.991ns
    Source Clock Delay      (SCD):    0.000ns
    Clock Pessimism Removal (CPR):    -0.000ns

    Location             Delay type                Incr(ns)  Path(ns)    Netlist Resource(s)
  -------------------------------------------------------------------    -------------------
    V16                                               0.000     0.000 r  i_switches[1] (IN)
                         net (fo=0)                   0.000     0.000    i_switches[1]
    V16                  IBUF (Prop_ibuf_I_O)         0.229     0.229 r  i_switches_IBUF[1]_inst/O
                         net (fo=3, routed)           0.375     0.605    REG_A/D[1]
    SLICE_X0Y11          FDRE                                         r  REG_A/o_Q_reg[1]/D
  -------------------------------------------------------------------    -------------------

                         (clock sys_clk_pin rise edge)
                                                      0.000     0.000 r  
    W5                                                0.000     0.000 r  i_clk (IN)
                         net (fo=0)                   0.000     0.000    i_clk
    W5                   IBUF (Prop_ibuf_I_O)         0.414     0.414 r  i_clk_IBUF_inst/O
                         net (fo=1, routed)           0.685     1.099    i_clk_IBUF
    BUFGCTRL_X0Y0        BUFG (Prop_bufg_I_O)         0.029     1.128 r  i_clk_IBUF_BUFG_inst/O
                         net (fo=22, routed)          0.864     1.991    REG_A/CLK
    SLICE_X0Y11          FDRE                                         r  REG_A/o_Q_reg[1]/C

Slack:                    inf
  Source:                 i_btn_OP
                            (input port)
  Destination:            REG_OP/o_Q_reg[1]/CE
                            (rising edge-triggered cell FDRE clocked by sys_clk_pin  {rise@0.000ns fall@5.000ns period=10.000ns})
  Path Group:             (none)
  Path Type:              Hold (Min at Fast Process Corner)
  Data Path Delay:        0.617ns  (logic 0.219ns (35.521%)  route 0.398ns (64.479%))
  Logic Levels:           1  (IBUF=1)
  Clock Path Skew:        1.989ns (DCD - SCD - CPR)
    Destination Clock Delay (DCD):    1.989ns
    Source Clock Delay      (SCD):    0.000ns
    Clock Pessimism Removal (CPR):    -0.000ns

    Location             Delay type                Incr(ns)  Path(ns)    Netlist Resource(s)
  -------------------------------------------------------------------    -------------------
    T17                                               0.000     0.000 r  i_btn_OP (IN)
                         net (fo=0)                   0.000     0.000    i_btn_OP
    T17                  IBUF (Prop_ibuf_I_O)         0.219     0.219 r  i_btn_OP_IBUF_inst/O
                         net (fo=6, routed)           0.398     0.617    REG_OP/E[0]
    SLICE_X1Y12          FDRE                                         r  REG_OP/o_Q_reg[1]/CE
  -------------------------------------------------------------------    -------------------

                         (clock sys_clk_pin rise edge)
                                                      0.000     0.000 r  
    W5                                                0.000     0.000 r  i_clk (IN)
                         net (fo=0)                   0.000     0.000    i_clk
    W5                   IBUF (Prop_ibuf_I_O)         0.414     0.414 r  i_clk_IBUF_inst/O
                         net (fo=1, routed)           0.685     1.099    i_clk_IBUF
    BUFGCTRL_X0Y0        BUFG (Prop_bufg_I_O)         0.029     1.128 r  i_clk_IBUF_BUFG_inst/O
                         net (fo=22, routed)          0.862     1.989    REG_OP/CLK
    SLICE_X1Y12          FDRE                                         r  REG_OP/o_Q_reg[1]/C

Slack:                    inf
  Source:                 i_btn_B
                            (input port)
  Destination:            REG_B/o_Q_reg[1]/CE
                            (rising edge-triggered cell FDRE clocked by sys_clk_pin  {rise@0.000ns fall@5.000ns period=10.000ns})
  Path Group:             (none)
  Path Type:              Hold (Min at Fast Process Corner)
  Data Path Delay:        0.618ns  (logic 0.210ns (33.924%)  route 0.408ns (66.076%))
  Logic Levels:           1  (IBUF=1)
  Clock Path Skew:        1.991ns (DCD - SCD - CPR)
    Destination Clock Delay (DCD):    1.991ns
    Source Clock Delay      (SCD):    0.000ns
    Clock Pessimism Removal (CPR):    -0.000ns

    Location             Delay type                Incr(ns)  Path(ns)    Netlist Resource(s)
  -------------------------------------------------------------------    -------------------
    U18                                               0.000     0.000 r  i_btn_B (IN)
                         net (fo=0)                   0.000     0.000    i_btn_B
    U18                  IBUF (Prop_ibuf_I_O)         0.210     0.210 r  i_btn_B_IBUF_inst/O
                         net (fo=8, routed)           0.408     0.618    REG_B/E[0]
    SLICE_X1Y11          FDRE                                         r  REG_B/o_Q_reg[1]/CE
  -------------------------------------------------------------------    -------------------

                         (clock sys_clk_pin rise edge)
                                                      0.000     0.000 r  
    W5                                                0.000     0.000 r  i_clk (IN)
                         net (fo=0)                   0.000     0.000    i_clk
    W5                   IBUF (Prop_ibuf_I_O)         0.414     0.414 r  i_clk_IBUF_inst/O
                         net (fo=1, routed)           0.685     1.099    i_clk_IBUF
    BUFGCTRL_X0Y0        BUFG (Prop_bufg_I_O)         0.029     1.128 r  i_clk_IBUF_BUFG_inst/O
                         net (fo=22, routed)          0.864     1.991    REG_B/CLK
    SLICE_X1Y11          FDRE                                         r  REG_B/o_Q_reg[1]/C

Slack:                    inf
  Source:                 i_btn_B
                            (input port)
  Destination:            REG_B/o_Q_reg[3]/CE
                            (rising edge-triggered cell FDRE clocked by sys_clk_pin  {rise@0.000ns fall@5.000ns period=10.000ns})
  Path Group:             (none)
  Path Type:              Hold (Min at Fast Process Corner)
  Data Path Delay:        0.618ns  (logic 0.210ns (33.924%)  route 0.408ns (66.076%))
  Logic Levels:           1  (IBUF=1)
  Clock Path Skew:        1.991ns (DCD - SCD - CPR)
    Destination Clock Delay (DCD):    1.991ns
    Source Clock Delay      (SCD):    0.000ns
    Clock Pessimism Removal (CPR):    -0.000ns

    Location             Delay type                Incr(ns)  Path(ns)    Netlist Resource(s)
  -------------------------------------------------------------------    -------------------
    U18                                               0.000     0.000 r  i_btn_B (IN)
                         net (fo=0)                   0.000     0.000    i_btn_B
    U18                  IBUF (Prop_ibuf_I_O)         0.210     0.210 r  i_btn_B_IBUF_inst/O
                         net (fo=8, routed)           0.408     0.618    REG_B/E[0]
    SLICE_X1Y11          FDRE                                         r  REG_B/o_Q_reg[3]/CE
  -------------------------------------------------------------------    -------------------

                         (clock sys_clk_pin rise edge)
                                                      0.000     0.000 r  
    W5                                                0.000     0.000 r  i_clk (IN)
                         net (fo=0)                   0.000     0.000    i_clk
    W5                   IBUF (Prop_ibuf_I_O)         0.414     0.414 r  i_clk_IBUF_inst/O
                         net (fo=1, routed)           0.685     1.099    i_clk_IBUF
    BUFGCTRL_X0Y0        BUFG (Prop_bufg_I_O)         0.029     1.128 r  i_clk_IBUF_BUFG_inst/O
                         net (fo=22, routed)          0.864     1.991    REG_B/CLK
    SLICE_X1Y11          FDRE                                         r  REG_B/o_Q_reg[3]/C

Slack:                    inf
  Source:                 i_btn_B
                            (input port)
  Destination:            REG_B/o_Q_reg[6]/CE
                            (rising edge-triggered cell FDRE clocked by sys_clk_pin  {rise@0.000ns fall@5.000ns period=10.000ns})
  Path Group:             (none)
  Path Type:              Hold (Min at Fast Process Corner)
  Data Path Delay:        0.618ns  (logic 0.210ns (33.924%)  route 0.408ns (66.076%))
  Logic Levels:           1  (IBUF=1)
  Clock Path Skew:        1.991ns (DCD - SCD - CPR)
    Destination Clock Delay (DCD):    1.991ns
    Source Clock Delay      (SCD):    0.000ns
    Clock Pessimism Removal (CPR):    -0.000ns

    Location             Delay type                Incr(ns)  Path(ns)    Netlist Resource(s)
  -------------------------------------------------------------------    -------------------
    U18                                               0.000     0.000 r  i_btn_B (IN)
                         net (fo=0)                   0.000     0.000    i_btn_B
    U18                  IBUF (Prop_ibuf_I_O)         0.210     0.210 r  i_btn_B_IBUF_inst/O
                         net (fo=8, routed)           0.408     0.618    REG_B/E[0]
    SLICE_X1Y11          FDRE                                         r  REG_B/o_Q_reg[6]/CE
  -------------------------------------------------------------------    -------------------

                         (clock sys_clk_pin rise edge)
                                                      0.000     0.000 r  
    W5                                                0.000     0.000 r  i_clk (IN)
                         net (fo=0)                   0.000     0.000    i_clk
    W5                   IBUF (Prop_ibuf_I_O)         0.414     0.414 r  i_clk_IBUF_inst/O
                         net (fo=1, routed)           0.685     1.099    i_clk_IBUF
    BUFGCTRL_X0Y0        BUFG (Prop_bufg_I_O)         0.029     1.128 r  i_clk_IBUF_BUFG_inst/O
                         net (fo=22, routed)          0.864     1.991    REG_B/CLK
    SLICE_X1Y11          FDRE                                         r  REG_B/o_Q_reg[6]/C





